name,sub_head,view_count,tel,tag,info,address,Latitude,Longitude
북촌 8경,,8800,02-2148-4161,"감성사진, 경치좋은곳, 관광지, 근대한옥, 데이트장소추천, 북촌8경, 사진찍기좋은곳, 서울여행, 야간관광100선, 역사, 역사공부, 역사관광지, 역사를품은곳, 커플데이트, 한옥숙박","북촌은 원래 청계천과 종로의 윗동네를 이르는 지명이다. 지금의 남산에 해당하는 종로의 아랫동네는 남촌이라 했다. 북촌에는 조선시대 왕족이나 권세있는 사대부들이 살았고, 남촌에는 하급 관리들이 살았다. 근래에는 경복궁과 창덕궁 사이의 한옥마을을 북촌이라 부른다. 한옥의 멋과 분위기가 살아 있는 북촌 골목길 곳곳에는 북촌 8경이 있다. 이 곳에는 방문한 사람들을 위해 사진 촬영대(포토 스폿)을 마련해 놓았다. 한옥의 빛깔과 느낌을 가장 잘 담아낼 수 있는 북촌의 8경을 직접 둘러보고 사진을 촬영하면서 즐거운 시간을 보낼 수 있다.

[북촌8경]
* 북촌1경 – 창덕궁전경
돌담 너머로 창덕궁의 전경이 가장 잘 보이는 장소이다. 북촌문화센터에서 나와 북촌 길 언덕을 오르면 첫 번째 포토 스팟이 나온다.
* 북촌2경 – 원서동공방길
창덕궁 돌담길을 따라 걷다보면 불교미술관과 연공방을 지나 골목 끝에 궁중음식원의 정갈한 마당과 기와문양의 담이 보이는 그 자리에 북촌의 두 번째 포토스팟이 보인다.
* 북촌3경 – 가희동 11번지 일대
아름다운 한옥과 전통문화를 체험할 수 있는 여러 공방이 자리하고 있다.
* 북촌4경 – 가회동31번지언덕
가회동31번지 일대를 한눈에 볼 수 있는 지점. 수많은 기와 지붕과 함께 북촌 꼭대기 이준구 가옥까지 한눈에 들어온다.
* 북촌5경 – 가회동골목길(내림)
키 큰 회나무집을 돌아 올라가면 처마를 서로 맞대고 빼곡하게 늘어선 예스런 한옥들이 있다.
* 북촌6경 – 가회동골목길(오름)
북악을 닮은 기와지붕들이 어깨를 나란히 하고 있는 가회동 31번지 한옥 골목길을 따라 올라가면 언덕길 막바지에 여섯 번째 포토 스팟이 보인다.
* 북촌7경 – 가회동31번지
북촌의 일곱 번째 장소는 한옥이 주는 고즈넉함과 작은 여유로움을 만날 수 있는 소박한 골목 전경이다.
* 북촌8경 – 삼청동돌계단길
빼곡한 한옥들의 지붕과 경복궁, 인왕산, 청와대의 조망이 좌측으로 펼쳐지는 화개1길을 따라 오르다보면 삼청동길로 내려가는 돌층계길이 있다. 돌계단길을 끝까지 내려가면 북촌의 마지막 여덟 번째 포토 스팟이 있다.",서울특별시 종로구 계동길 37,37.5790699,126.9864283
롯데호텔 월드,,7100,02-419-7000,"롯데호텔월드, 서울숙소, 수도권, 숙박, 호캉스즐기기, 호텔","리조트 형 비즈니스 호텔인 롯데호텔월드는 서울 강남의 요지, 잠실에 위치해 뛰어난 접근성을 자랑한다. 세계 최대 규모의 실내놀이공원인 롯데월드 어드벤쳐, 아시아 최대 규모의 멀티플렉스 롯데월드몰과 바로 연결되어 있으며, 아름답고 자연친화적인 석촌호수가 인접해 뛰어난 경관을 자랑한다.
국제회의와 특별한 행사를 위한 다양한 연회장과 회의실을 구비하고 있으며, 롯데월드 어드벤처의 캐릭터인 ''로티''와 ''로리''를 테마로 꾸며진 캐릭터룸을 통해 특별함을 느낄 수 있다. 이처럼 롯데호텔월드는 비즈니스와 여가, 체험과 휴식을 한 곳에서 모두 경험할 수 있는 최고의 호텔이다.",서울특별시 송파구 올림픽로 240 롯데월드,37.5111158,127.098167
호텔큐비(호텔QB) [한국관광 품질인증/Korea Quality],수준 높은 객실과 서비스를 제공하는 부티크&비즈니스호텔,3200,02-743-1294,"서울숙소, 서울여행, 서울호텔, 품질인증업소_전체보기, 한국관광품질인증, 한국관광품질인증_호텔, 호텔","호텔큐비(QB)는 서울 동대문역에서 도보 3분 거리에 위치하고 공항버스가 지나가는 길목에 있어 교통이 편리하다. 객실은 1인 여행객을 위한 싱글룸부터 쿼드룸까지 다양하고, 스튜디오와 피팅룸이 있어 피팅촬영이 가능하다. 전자레인지, 정수기, 냉장고 등이 구비된 카페도 있다. 여행 편의를 위해 맞춤 여행 컨설팅 및 무료 수하물 보관 서비스를 제공한다. 인근에 동대문역사문화공원, 패션도매상가, 동묘 벼룩시장 등이 있다.",서울특별시 종로구 종로 322-10,37.5719198,127.0134704
호텔 카푸치노,매력적인 어반 라이프스타일을 경험하다,2900,02-2038-9501,"반려견동반여행지, 서울숙소, 서울호텔, 숙박, 숙박쿠폰, 애견동반숙소, 연인과함께, 친구와함께, 친환경호텔, 카푸치노호텔, 호캉스, 호캉스즐기기","PLEASANT STAY, JOYFUL IMPACT!

많은 것이 새롭지만 모든 것이 매력적인 어반 라이프스타일 Urban Lifestyle을 경험할 호텔 카푸치노에 오신 것을 환영한다. 어반 라이프스타일 호텔을 추구하는 호텔 카푸치노는 젊고 합리적인 품격 그리고 세심한 배려로 이곳을 방문하는 게스트들이 공감할 수 있는 많은 이야기를 담고 있다.

또한, 호텔 카푸치노는 호텔 비즈니스가 어떻게 사회에 공헌할 수 있는지, 그리고 게스트들과 더불어 공유 가치의 경험을 얼마나 유쾌하게 즐길 수 있는지를 제시하는 소셜라이징 & 쉐어링 스페이스 Socializing & Sharing Space를 꿈꾸고 있다. 호텔 카푸치노. 휴식과 자유 그리고 책임의 가치를 아는 사람들과 함께 한다.

호텔 카푸치노는 악마가 와도 착해질 수 있는 호텔, 잠만 자고 가도 착해질 수 있는 호텔이라는 컨셉으로 CAPPUCCINO SHARED VALUE PROGRAM(CSV)를 하고있다.
객실의 모든 목욕용품은 1회용 용기가 아닌 디스펜서에 담겨있다. 디스펜서에 담긴 독일의 친환경 명품 브랜드의 제품으로 기분좋은 샤워를 즐기는 게스트는 친환경 프로그램에 동참하게 된다.
이 외에도 호텔 카푸치노에 묵는 게스트들은 다양한 방법으로 친환경 운동에 동참할 수 있다. 카페 카푸치노의 스페셜 카푸치노, 레스토랑 핫이슈의 엔젤 메뉴 그리고 루프탑 바의 엔젤 칵테일까지 다양한 Angel menu 주문시 수익금의 일부는",서울특별시 강남구 봉은사로 155,37.5068808,127.0314816
화운[한국관광 품질인증/Korea Quality],,2900,0507-1373-2457,"독채한옥, 서울숙소, 서울여행, 서울한옥, 숙박, 취사가능, 품질인증업소_전체보기, 한국관광품질인증, 한국관광품질인증_한옥, 한옥","화운은 서울 종로 삼청동에 위치한 감성 한옥스테이로, 독채로 대여해 프라이빗하게 휴식을 취할 수 있는 공간이다. 지대가 높아 북악산과 인왕산, 청와대, 삼청동길까지 보이는 경치가 일품이다. 빔프로젝트가 설치되어 있어 영화를 즐기거나, 마당에 있는 자쿠지에서 족욕이나 반신욕으로 피로를 풀기에 좋다.",서울특별시 종로구 북촌로11다길 42,37.5839145,126.982701
일독일박 [한국관광 품질인증/Korea Quality],툇마루에 걸터앉아 족욕을 즐기고 싶다면,2400,0504-0904-2340,"독채한옥, 서울숙소, 서울여행, 서울한옥, 조식가능, 취사가능, 품질인증업소_전체보기, 한국관광품질인증, 한국관광품질인증_한옥, 한옥","서울 서촌마을에 자리한 일독일박은 근대 한옥을 감각적으로 새단장한 독채 한옥스테이다. 중정을 두고 침실, 주방, 식당, 다락이 ㄷ자 구조를 이룬다. 중정에는 아담한 족욕탕이 있어 툇마루에 걸터앉아 족욕을 즐길 수 있다. 침실에는 퀸 사이즈 침대가 놓여 있고, 식당에는 큰 탁자가 있어 책을 읽고 담소를 나눌 수 있다. 다락 공간도 있어 작은 천창으로 하늘을 보며 잠들 수 있다. 주방에 취사도구가 있고 화장실에 욕조도 있다.",서울특별시 종로구 필운대로3길 11-1,37.5784867,126.9685485
락고재 서울 북촌 한옥호텔[한국관광 품질인증/Korea Quality],,2000,02-742-3410,"서울숙소, 서울여행, 서울한옥, 조식가능, 품질인증업소_전체보기, 한국관광품질인증, 한국관광품질인증_한옥, 한옥","락고재 서울 북촌한옥마을은 인간문화재 정영진 옹이 130년 역사를 가진 한옥을 개조한 전통문화 공간이다. 단아한 솟을대문, 전통 기와, 담장, 정자, 연못, 장독대 등이 소나무와 함께 한옥의 참 멋을 선사한다. 대청마루에서 보내는 시간, 풍경소리, 스치는 바람은 특별하게 느껴진다. 객실은 정갈하고 편안하며, 천연 옥이 깔린 온돌방과 천기토로 만든 장작 찜질방은 건강한 여정을 선사한다. 다양한 전통 프로그램도 운영한다.",서울특별시 종로구 계동길 49-23,37.5801437,126.9861098
명동관광정보센터,특별한 체험을 하는 곳,2000,02-778-0333,"관광정보, 관광지, 관광코스정보, 교통정보, 국내여행정보, 맛집정보, 명동, 숙박정보, 여행지정보, 음식정보, 지역정보, 축제정보, 한복체험","명동 관광정보센터는 서울 중구 을지로 2가에 위치해 있는 관광안내소이다. 서비스 언어는 영어, 중국어, 일어이다. 외국인뿐만 아니라 서울시민에게도 관광, 축제, 쇼핑, 공연 등에 관한 서울의 정보를 빠르고 정확하게 제공한다.",서울특별시 중구 을지로 66,37.5655403,126.985069
서울신라호텔,서울 중심에 자리한 럭셔리 호텔,1900,02-2233-3131,"서울숙소, 숙박, 중구, 호캉스즐기기","서울 중심에 자리한 럭셔리 호텔인 서울 신라 호텔은 3호선 동대입구역 5번 출구에서 도보로 5분 거리에 있으며 명동과 동대문 방면으로 무료 셔틀버스를 운행하고 있다. 호텔에서 번화한 명동 거리까지는 차로 15분, 시청까지는 차로 약 20분이 소요된다.호텔 내에 유명 작가들의 조각상이 모여있는 야외조각공원과 겔랑 스파가 있어 여유로운 휴식 시간을 보낼 수 있으며 피트니스 센터, 사우나, 수영장 등도 있어 다양한 운동을 즐길 수 있다.
뿐만 아니라, 비즈니스 고객님들을 위한 미팅룸과 비즈니스 센터도 있으며 프런트데스크에서는 환전, 유료 세탁, 룸서비스 등을 이용할 수 있다. 투숙객에 한하여 무료 주차가 가능하며 유료로 발렛파킹을 이용할 수 있다.
객실에 따라 남산 또는 영빈관 전망을 감상할 수 있다. 럭셔리하고 모던한 인테리어가 돋보이는 모든 객실에는 TV, 미나바, 생수 등이 있으며 욕실에는 샤워부스, 욕조, 비데, 헤어드라이어 등이 완비되어 있고 이그제큐티브 이상 객실에서는 이규제큐티브 라운지를 이용할 수 있다.
호텔 내에 중식, 일식, 한식, 프렌치, 뷔페 등 다양한 메뉴를 선보이는 5개의 레스토랑과 1개의 바가 있어 다이닝 선택의 폭이 넓다. 매일 아침 조식은 1층 파크뷰에서 즉석에서 조리한 뷔페를 즐기실 수 있으며 별도의 요금이 발생한다.",서울특별시 중구 동호로 249,37.5567496,127.0060352
서촌게스트하우스[한국관광 품질인증/Korea Quality],재미난 일이 끊임없이 일어나는 서촌의 한옥,1800,02-473-9680,"마운틴뷰, 서울숙소, 서울여행, 서울한옥, 숙박, 조식가능, 품질인증업소_전체보기, 한국관광품질인증, 한국관광품질인증_한옥, 한옥","서울 종로 서촌에 위치한 서촌게스트하우스는 90년 된 한옥이자 2층 양옥이 함께 어우러진 집이다. 여행객은 1층 객실과 대청을 자유롭게 이용할 수 있고, 식사로 6첩 반상을 제공한다. 게스트하우스 부제 ‘재미난골’ 에서는 우리 전통의 멋을 알리기 위해 일년에 두 번 마당에서 판소리 공연을 펼치고, 국악 체험, 한복입기, 한식 만들기, 인왕산-북악산 성곽길 탐방, 경복궁 등 고궁투어, 전통시장 체험 등 다양한 프로그램도 제공하고 있다.",서울특별시 종로구 자하문로7길 28-3,37.5791028,126.9706697
그랜드 인터컨티넨탈 서울 파르나스,테헤란로 중심에서 만나는 True Hospitality,1800,02-555-5656,"강남구, 서울숙소, 서울호텔, 숙박, 숙박쿠폰, 코엑스, 호캉스, 호캉스즐기기, 호텔","가장 진보된 서울을 만날 수 있는 테헤란로의 중심에 위치한 그랜드 인터컨티넨탈 서울 파르나스는 30년의 호텔 경영 노하우와 서비스 경험을 기반으로 True Hospitality를 선보인다. 2020년 외관 및 객실 전면 리모델링을 통해 한국의 전통적인 아름다움을 현대적으로 재해석한 550개의 객실을 만나볼 수 있으며 탁 트인 통창으로 강남의 환상적인 전경을 한 자리에서 감상할 수 있다. 34층 최고층에 위치한 클럽 인터컨티넨탈은 서비스 품격을 리딩하는 프라이빗 라운지로서 섬세하고 정교한 서비스를 추구한다.
국내 특 1급 호텔 중 최대 규모와 최신 시설을 갖춘 그랜드 볼룸 및 15개 연회장에서 고품격 프라이빗 웨딩, 가족모임은 물론 중소 규모의 회의와 대규모 컨벤션까지 다목적 행사를 진행할 수 있다. 또한 세계적인 레스토랑 어워드를 수상한 정통 일식부터 중식까지 5개의 레스토랑에서 세계의 다양한 맛을 각 분야별 수석 셰프들의 노하우와 엄선된 식재료로 탄생한 맛과 서비스를 만날 수 있다.",서울특별시 강남구 테헤란로 521,37.5090474,127.060893
예본의 집[한국관광 품질인증/Korea Quality],단독주택에서 경험하는 한국식 홈스테이형 숙박업소,1800,010-3908-1617,"게스트하우스, 서울게스트하우스, 서울숙소, 서울여행, 취사가능, 품질인증업소_전체보기, 한국관광품질인증, 한국관광품질인증_게스트하우스","예본의집은 단독주택으로, 1층 전체를 게스트하우스로 운영한다. 방 2개와 거실, 주방시설, 화장실 2개를 포함한 공간이 하나의 객실로 제공되어 만족도가 높아, 해외 교포나 캐나다, 미국, 러시아, 네덜란드 등 다양한 나라의 여행객이 즐겨 방문한다. 곳곳에 배치한 100년이 넘은 고가구, 자개장, 손뜨개질 덮개 등은 한국의 멋과 문화를 전하고 있다. 강남에 위치하고 있어 교통편이 좋다.",서울특별시 강남구 개포로118길 64,37.4948862,127.0848041
하은재 [한국관광 품질인증/Korea Quality],영화와 쉼을 추구하는 한옥,1800,0504-0904-2414,"독채한옥, 서울숙소, 서울여행, 서울한옥, 취사가능, 품질인증업소_전체보기, 한국관광품질인증, 한국관광품질인증_한옥, 한옥","하은재는 서울 경복궁 서쪽 서촌에 위치한 독채 한옥스테이로, 영화와 쉼을 추구한다. 숙소는 퀸사이즈 침대가 있는 침실, 주방, 영화실, 화장실 2개로 구성되어 있다. 영화실에는 ‘보스’ 스피커와 빔프로젝터, 스크린이 있다. 이동 가능한 족욕기는 보너스다. 주방에서 간단한 조리도 가능하다. 주중 2박 이상 숙박 시 숙박비를 10% 할인해주고, 3박 이상 숙박 시 수건교체와 청소서비스를 제공한다. 경복궁, 삼청동 등 주요 관광지가 가깝다.",서울특별시 종로구 자하문로 68-10,37.5818875,126.9712659
예린당 바이 버틀러리,서울 도심 속 한옥호텔,1700,02-1544-5931,"7월_발도장이벤트_이달의추천여행지, 가볼래터, 도심속한옥, 서울, 서울숙소, 숙박, 여행구독, 한옥","버틀러리는 서울 도심 속 20여채의 한옥호텔을 운영 중인 프리미엄 한옥스테이 브랜드이다. 깨끗하게 리모델링 된, 한국의 멋이 가득 담긴 한옥에서 특별한 하루를 보낼 수 있다. 사랑채, 별채 그 사이에 마당. 전통 한옥의 전형적인 소규모 한옥의 공간 구조를 고스란히 담고 있는 예린당 바이 버틀러리이다. 거실의 넓은 소파에 앉아서 혹은 침실의 큰 창으로 바라보는 마당의 풍경은 바라만 보아도 마음에 편안함을 준다. 볕이 좋은 날에는 한옥의 창살을 활용해 한옥의 정취를 더하고, 비가 오는 날에는 별채의 대형 욕조에 몸을 담그고 마당에 떨어지는 비를 보며 깊은 휴식을 느낄 수 있다. 서촌의 핫플 거리 뒷골목에 숨어있는 예린당에 들어오면 현실을 살짝 빗겨나가 나른한 시간 속 고민과 걱정을 비워낼 수 있다. 아름답게 리모델링 된 현대적인 한옥스테이 예린당을 추천한다. 비오는 날 자쿠지에서 폴딩도어를 열고 연인과 함께 편안한 휴식을 즐길 수 있다. 선선한 날에는 마당가에 걸터 앉아 와인 한 잔 하는 것도 즐겁다.",서울특별시 종로구 자하문로5가길 17-8,37.5782334,126.970422
담소정[한국관광 품질인증/Korea Quality],웃음이 가득한 한옥 게스트하우스,1700,010-2053-9701,"가족여행에좋은, 게스트하우스담소정, 담소정, 담소정게스트하우스, 담소정한옥, 대중교통으로갈수있는, 맛있는조식이있는, 북촌한옥마을, 서울숙소, 서울추천숙소, 서울품질인증숙소, 숙박, 숙소, 예쁜한옥숙소, 우수숙소, 인증숙소, 전통체험, 주변즐길거리가많은, 추천숙박, 품질인증게스트하우스, 품질인증숙소, 품질인증한옥, 한국관광품질인증, 한국관광품질인증업소, 한옥, 한옥숙소","서울 종로 북촌에 위치한 담소정은 200년 된 경주 육송을 사용하고 진흙을 발라 지은 고급 한옥 게스트하우스다. 광목 색동이불이 침구로 제공되고, 진품 도자기와 옻칠 장인이 만든 그림, 반닫이 등 갤러리 못지 않은 소장품을 곳곳에 두었으며, 외국인 손님을 위한 홈바도 있어, 외국대사 등 VIP가 많이 다녀간다. 조식으로 연잎밥과 유기농 채소로 만든 반찬이 제공되고, 서예와 부채만들기 체험도 진행되고 있다.",서울특별시 종로구 북촌로9길 16-2,37.5813816,126.984335
시은재[한국관광 품질인증/Korea Quality],옛날 분위기를 그대로 간직한 한옥,1700,010-5355-3029,"서울숙소, 서울여행, 서울한옥, 취사가능, 품질인증업소_전체보기, 한국관광품질인증, 한국관광품질인증_한옥, 한옥","서울 종로구 경운동에 자리한 시은재는 대를 이어 지켜온 한옥으로, 얼핏 봐도 오랜 세월을 느낄 수 있다. 안방과 별채, 작은방 3개 객실을 운영하는데, 안방에는 유일하게 거실이 있다. 객실마다 화장실을 갖췄고, 공용 주방시설엔 각종 주방용품과 세탁기를 구비했다. 개별 객실 숙박은 물론 시은재 전체를 빌릴 수도 있다. 종로구에 위치해 주변 관광지로의 이동이 편리하고, 자차 이용시 공용주차장을 이용해야 한다.",서울특별시 종로구 삼일대로 439,37.573717,126.987206
멀티스페이스 곳 [한국관광 품질인증/Korea Quality],서울에서 느끼는 한옥의 운치,1700,010-3255-1289,"서울숙소, 서울여행, 서울한옥, 조식가능, 품질인증업소_전체보기, 한국관광품질인증, 한국관광품질인증_한옥, 한옥","서울 종로구 계동에 위치한 복합한옥공간 곳은 한국 전통과 현대의 감각이 모두 살아 숨 쉬는 곳이다. 마당에는 80년 이상 된 산수유나무와 작은 정원이 있어 사계절 다양한 모습을 볼 수 있다. 친환경적인 삶을 지향하기 위해 소모품 및 조식을 친환경으로 제공한다. 근처에 고궁, 국립현대미술관 등 주요 관광지와 카페가 많다.",서울특별시 종로구 계동길 52-11,37.5797001,126.9873574
케이팝호텔 서울역점,장기 투숙객 환영! 서울역 바로 앞 호텔,1600,02-773-2500,"경복궁, 공동주방이있는, 남산공원, 대중교통으로갈수있는, 서울숙소, 서울추천숙소, 숙박, 숙소, 숭례문, 우수숙소, 우수숙소, 의류세탁가능, 인사동, 인증숙소, 주요관광명소와가까운, 추천숙박, 케이팝호텔서울역점, 한국관광품질인증, 한국관광품질인증업소, 혼자가도좋은","케이팝호텔 서울역점은 지하철 1호선과 4호선 서울역 10번 출구에서 도보로 2분이면 도착한다. 주변 유명 관광지를 돌아보기에 편한 위치로, 숭례문은 걸어서 약 10분, 남산공원은 15분 소요되며 경복궁까지 차로 10분, 인사동까지 차로 12분이면 도착한다. 24시간 운영하는 프런트에서는 고객의 편의를 위한 익스프레스 체크인과 체크아웃 서비스와 공용 금고 서비스를 제공한다. 스탠더드 더블룸과 트윈룸, 패밀리룸을 갖춰 비즈니스 고객부터 친구, 연인, 가족 여행객까지 이용 가능하다. 모든 객실에는 에어컨과 케이블/위성 채널, 평면 TV 및 헤어드라이어를 완비했으며 무료 공용 와이파이(WiFi)를 제공한다. 부대시설로는 루프트톱 테라스와 카페 공간이 있고 조식을 제공하는 카페에는 공용 주방과 PC, 세탁기를 갖췄다. 주차장 이용 시 사전 문의를 하면 좀 더 편하고 빠른 서비스를 받을 수 있다.",서울특별시 중구 후암로60길 17,37.5547935,126.9741953
풍경[한국관광 품질인증/Korea Quality],아담하지만 아늑한 한옥,1500,010-7103-6993,"서울숙소, 서울여행, 서울한옥, 조식가능, 취사가능, 품질인증업소_전체보기, 한국관광품질인증, 한국관광품질인증_한옥, 한옥","풍경은 성균관 바로 맞은 편에 위치해있는 한옥체험 게스트하우스로, 푸른 소나무가 그려진 외벽이 멋스럽다. 외국인을 위한 배려로 침대 객실이 있고 주방에 식탁도 배치했다. 조식은 기본 토스트류가 제공되고, 2일 이상 머물거나 또는 희망하는 손님들에게 간단하고 정갈한 한식을 제공한다. 동절기에는 주인이 직접 끓인 전통차도 맛볼 수 있다.",서울특별시 종로구 성균관로 32-6,37.585656,126.9972306
혜화1938 [한국관광 품질인증/Korea Quality],고급스러운 샹들리에와 한옥의 조화,1500,02-765-8542,"독채한옥, 서울숙소, 서울여행, 서울한옥, 취사가능, 품질인증업소_전체보기, 한국관광품질인증, 한국관광품질인증_한옥, 한옥","서울 명륜동에 위치한 혜화1938은 80년된 한옥을 개조한 숙소로, 한옥 정취와 아늑한 객실 분위기를 유지하며 리모델링을 통해 객실의 크기를 넓혔다. 1930년대 부잣집의 분위기를 물씬 느낄 수 있을 만큼 고급스러운 샹들리에와 현대식 가구 및 가전이 조화를 이룬다. 창으로 보이는 마당에는 산수유와 매화 등 계절별로 알록달록한 나무가 자리잡고 있고, 모서리와 하수구 등의 공간도 세심하게 정돈해놓았다.",서울특별시 종로구 성균관로16길 7,37.589632,126.9986778
써미트 호텔 서울,쾌적한 객실과 최고의 서비스를 제공하는 호텔,1500,02-2285-0540,"서울숙소, 서울여행, 서울호텔, 숙박, 연인과함께, 중구, 휴식공간, 휴식하기좋은곳, 힐링여행","2013년 9월에 개관한 The Summit Hotel Seoul은 지상 9층, 지하 3층의 건물 규모로 190개 객실이 Standard, Deluxe, Royal로 구성되어 있으며 역사와 문화가 공존하는 서울의 중심지인 동대문역사문화공원역에 위치한 비즈니스호텔로써 쾌적한 객실 환경 및 일일 객실 정비 서비스, 24시간 운영 프런트 등의 서비스를 함께 제공하고 있다. 지하철 2,3,4,5호선과 인접하여 출구에서 호텔입구까지 도보로 이동이 가능하며 김포공항 및 인천공항 리무진버스가 이동의 편의를 도모한다. 로비에 위치한 커피숍과 다양한 부대시설은 고객의 미팅성공과 여행의 편의를 위한 최적의 장소가 될 것이다.",서울특별시 중구 장충단로 198,37.562247,127.0068869
인우하우스[한국관광 품질인증/Korea Quality],"한옥을 몸소 체험하고자 한다면, 이곳으로!",1400,02-742-1115,"서울숙소, 서울여행, 서울한옥, 숙박, 조식가능, 품질인증업소_전체보기, 한국관광품질인증, 한국관광품질인증_한옥, 한옥","서울 종로 계동 골목에 위치한 인우하우스는 전통한옥으로, 각 방에 전용화장실을 갖추고 있다. 처마 아래 제비집이 있어 해마다 봄이면 제비 가족이 찾아오는 것이 이 집의 자랑이다. 전통문화 체험을 위해 전통한지공예, 전통매듭 팔찌 만들기, 부채꾸미기 등의 다양한 프로그램을 제공하고 있다. 인근에 식당, 카페, 편의점 등이 있어 편리하고, 경복궁, 창덕궁, 인사동, 삼청동 등도 도보로 이동하기 좋다.",서울특별시 종로구 계동6길 9,37.5826375,126.9871187
롯데시티호텔 명동,을지로와 명동 방문 후 호캉스 하기 좋은 호텔,1400,02-6112-1000,"롯데시티호텔, 롯데시티호텔명동, 명동호텔, 서울숙소, 숙박, 중구, 호텔","롯데시티호텔명동은 서울 시내 비즈니스와 쇼핑의 중심지인 명동과 서울의 오아시스인 청계천 사이에 위치하고 있으며, 27층 규모의 탁 트인 전망과 430의 객실과 뷔페 레스토랑, 미팅룸, 피트니스 등을 갖춘 프리미엄 비즈니스호텔이다.
성공적인 비즈니스와 만족스런 여행을 위한 최고의 실용성과 차별화된 서비스, 합리적인 가격으로 비즈니스 고객과 레저여행객 모두에게 잊지 못할 추억을 선사한다.",서울특별시 중구 삼일대로 362,37.5669364,126.988076
북촌마루한옥게스트하우스 [한국관광 품질인증/Korea Quality],새로운 인연이 기대되는 한옥 게스트하우스,1400,010-3253-8751,"서울숙소, 서울여행, 서울한옥, 숙박, 조식가능, 품질인증업소_전체보기, 한국관광품질인증, 한국관광품질인증_한옥, 한옥","북촌 마루 한옥게스트하우스는 서울 종로 북촌2경과 3경 사이 언덕에 위치한 2층 한옥이다. 아침에는 간편 한식 아침상을 즐기며 여러 나라 손님들과 이야기꽃을 피울 수 있고, 저녁에는 북촌마을에서 유일하게 있는 한옥 테라스에서 서울 시내 야경을 한눈에 볼 수 있다. 안국역에서 가까워 교통이 편리하고, 인근에 북촌 8경, 궁궐, 인사동, 청와대 등 주요 관광지가 있다.",서울특별시 종로구 창덕궁길 152,37.5831871,126.987524
연우하우스[한국관광 품질인증/Korea Quality],북촌한옥마을을 내려다보며 힐링~,1400,02-742-1115,"마운틴뷰, 서울숙소, 서울여행, 서울한옥, 숙박, 조식가능, 품질인증업소_전체보기, 한국관광품질인증, 한국관광품질인증_한옥, 한옥","""전통 한옥인 연우하우스는 서울 종로 북촌 한옥마을에 위치하여 조용하고 아늑하다.
아담한 두 개의 객실이 준비되어 있고, 객실에는 욕실을 갖추고 있다. 사다리를 타고 지붕으로 올라가서 보는 북촌 한옥마을의 전경이 일품이다. 오래된 한옥이기에 위생관리에 세심한 주의를 기울이고 있다. 인근에 경복궁, 청경궁, 창덕궁 등 서울 명소가 있다.""",서울특별시 종로구 북촌로12길 5-13,37.5823721,126.9853399
라마다 호텔앤스위트 서울남대문[한국관광 품질인증/Korea Quality],반려견과 함께하는 서울 나들이,1300,02-775-7000,"서울숙소, 서울여행, 서울호텔, 시티뷰, 애견동반숙소, 조식가능, 취사가능, 품질인증업소_전체보기, 한국관광품질인증, 한국관광품질인증_호텔, 호텔","라마다 호텔앤스위트 서울 남대문은 서울 중심부인 중구 순화동에 위치한다. 서울역과 시청역이 가까워 교통이 편리하고, 남대문시장, 명동, 광화문, 덕수궁 등 서울 주요 관광지를 도보로 즐길 수 있다. 주로 외국인 관광객과 호캉스 손님이 즐겨 찾는다. 다양한 고객층을 고려하여 여러 타입의 객실과 비즈니스센터, 레스토랑, 카페, 지하상가 등 편의시설을 운영한다. 반려견 동반 입실이 가능하나 별도 비용이 발생한다.",서울특별시 중구 칠패로 27,37.5601765,126.9720654
57명동호스텔[한국관광 품질인증/Korea Quality],"전 세계 여행자가 모이는 곳, 다양한 문화 교류의 공간",1300,"02-778-8835, 010-3262-3503","서울숙소, 서울여행, 서울호텔, 시티뷰, 조식가능, 품질인증업소_전체보기, 한국관광품질인증, 한국관광품질인증_호텔, 호텔","서울 중구 명동에 위치한 57명동호스텔은 호스텔 이름이 그대로 주소이기 때문에 기억하기 쉽다. 공항버스 하차 후 도보 5분, 명동역 도보 3분 거리에 있어 인근 관광지로의 이동이 매우 편리하고, 명동 쇼핑타운과도 가깝다. 싱글룸(개별욕실)이 있어 혼자 여행하거나 출장 온 사람에게도 인기가 많다. 조식과 커피, 차를 무료 제공하고 미니세탁기도 무료 이용이 가능하며, 각종 관광지와 문화공연 안내/예약 서비스도 제공하고 있다.",서울특별시 중구 명동2길 57,37.5609967,126.9834441
오클라우드호텔[한국관광 품질인증/Korea Quality],구름 위에 있는 듯한 그 느낌,1300,02-3480-8640,"서울숙소, 서울여행, 서울호텔, 숙박, 시티뷰, 조식가능, 취사가능, 품질인증업소_전체보기, 한국관광품질인증, 한국관광품질인증_호텔, 호텔","오클라우드호텔은 4성급 비즈니스호텔로, 서울 강남 한복판에 위치해 출장객이 머물기에 좋다. 객실은 스탠다드, 디럭스, 패밀리, 스위트 등 다양한 타입으로 구비되어 있고, 모던하고 청결해서 만족도가 높다. 객실마다 전자레인지, 와인잔, 다리미 등이 준비되어 있다. 지하 1층 레스토랑은 식사를 합리적인 가격에 제공한다. 2층에는 피트니스센터와 세탁실이 있고 옥상정원에서는 서울 도심의 야경을 즐길 수 있다. 비즈니스룸도 다양하게 구비되어 있다.",서울특별시 서초구 사평대로58길 12 오클라우드 호텔,37.5030575,127.0237944
힐하우스 호텔 [한국관광 품질인증/Korea Quality],서울 도심 여행자에게 딱 맞는 비즈니스호텔,1300,02-777-8135,"서울숙소, 서울여행, 서울호텔, 숙박, 품질인증업소_전체보기, 한국관광품질인증, 한국관광품질인증_호텔, 호텔","힐하우스 호텔은 서울 남산공원 아래에 위치한 비즈니스 호텔로, 깔끔하고 청결한 객실 컨디션으로 호평을 받고 있다. 모든 객실에서 무료 인터넷이 가능하고, 1층에 공용 전자레인지가 있다. 고객 편의를 위해 무료 짐 보관 서비스를 제공한다. 지하철 회현역, 서울역, 명동역이 주변에 있어 교통이 편리하고, 남산 서울타워, 남대문 시장 등 서울 도심 여행을 즐기기에 좋다.",서울특별시 중구 소공로3길 42 언덕의집,37.556805,126.9819591
레스케이프 호텔 (L’Escape Hotel),일상에서 무뎌진 감정과 설렘을 다시 깨우는 레스케이프호텔,1200,02-317-4000,"반려견동반여행지, 서울숙소, 숙박, 애견동반숙소, 중구, 호캉스즐기기","조선호텔앤리조트에서 선보이는 부티크 호텔, 레스케이프 호텔은 명동과 남대문 시장, 그리고 남산 등 서울의 상징적인 장소와 인접하며 도심 속에서 유럽의 감성을 느낄 수 있는 감각적인 호텔이다. 2020년부터 포브스 트래블 가이드에 추천 호텔로 3년 연속 선정된 것은 물론, 미쉐린 가이드 1스타에 선정된 컨템포러리 레스토랑 라망 시크레, 모던 차이니즈 레스토랑 팔레드 신까지 문화와 트렌드, 미식을 아우르는 라이프스타일 콘텐츠 플랫폼이기도 하다. 세계적인 인테리어 디자이너 Jacques Garcia의 손길이 닿은 아름다운 204개의 객실, 한 도시를 대표하는 레스토랑과 바의 철학을 담은 다이닝 공간을 갖추고 있다. 또한 프라이빗하게 즐기는 피트니스와 스파, 소규모 연회장이 있고, 2분 거리에 위치한 신세계 백화점과 면세점에서 쇼핑을 즐길 수 있다.",서울특별시 중구 퇴계로 67,37.5599039,126.9794911
프레이저 플레이스 센트럴 서울,KTX 서울역권에 위치한 숙소,1200,02-2220-8000,"반려견동반여행지, 서울숙소, 숙박, 애견동반숙소","대한민국 비즈니스와 문화의 중심지 KTX 서울역권에 있는 프레이저 플레이스 센트럴 서울은 스튜디오부터 펜트하우스까지 총 272개의 객실을 보유하고 있다. 비즈니스 고객과 젊은 레저여행객은 물론 가족 고객들을 위하여 실내 수영장과 어린이 풀장, 어린이 놀이방을 갖춘 프레이저 플레이스 센트럴 서울이다.",서울특별시 중구 통일로 78,37.5626123,126.9698765
누하당[한국관광 품질인증/Korea Quality],편백 베개와 도톰한 솜이불을 덮고 자는 하루,1200,"02-3391-0010, 010-4347-5768","서울숙소, 서울여행, 서울한옥, 품질인증업소_전체보기, 한국관광품질인증, 한국관광품질인증_한옥, 한옥","누하당은 100년이 넘은 고즈넉한 전통한옥으로, 조선시대부터 많은 선비와 예인이 살았던 서울 종로구 서촌에 위치한다. 모든 객실은 친환경 한지 벽지로 도배되었고, 도톰한 솜이불과 편백나무 베개가 여행자의 피로를 풀어준다. 아담한 정원이 있는 마당에서는 장구, 윷놀이, 한복체험 등 전통문화 체험이 가능하다. 서촌 거리를 걸으며 윤동주 하숙집, 박노수 미술관, 이상의 집 등 옛 정취를 느낄 수도 있다.",서울특별시 종로구 필운대로 49-7,37.5803458,126.9681457
더리버사이드 호텔,창 밖으로 펼쳐지는 야경의 운치와 아름다운 강남의 경관,1200,02-6710-1100,"강남호텔, 더리버사이드호텔, 서울숙소, 서울호텔, 서초구, 숙박, 호캉스, 호텔","서울 교통의 요지, 강남 비즈니스 권역의 중심지인 잠원동에 위치한 리버사이드호텔은 한강이 훤히 내려다보이는 조망을 갖췄으며 신사역에서 단 5분 거리에 위치해 지리적으로도 이점이 높은 호텔이다. 리버사이드호텔은 층별로 외식, 레저, 문화, 웨딩 등 다양한 서비스를 한강의 정취와 함께 동시에 즐길 수 있는 복합 문화 공간으로서 자리 잡고 있다. 한강이 내려다보이는 매력적인 야경을 가진 109개의 객실, 컨퍼런스를 위한 연회홀, 최고의 요리팀으로 구성된 복합 일식당, 맞춤형 피트니스 시스템과 럭셔리 스파센터, 인도어 골프연습장 등의 시설뿐 아니라 외국인 고객을 위한 24시간 전문 통역 및 영어권, 일어권 고객을 위한 사려 깊은 안내 등의 세심한 서비스를 통해 고객에게 편안한 휴식과 활기를 더해 주고 있다.
짜임새 있는 공간구성과 부족함 없이 준비된 객실 비품, 포근함과 안락함을 주는 인테리어로 완성된 더블룸은 고객에게 내 집과 같은 편안함을 주기 위한 리버사이드호텔의 마음이 담신 공간이다. 넉넉하고 여유로운 객실 공간, 세련된 실내 장식이 돋보이는 트윈룸은 한강의 여유와 정취를 객실로 담아와 여행, 비즈니스로 피로해진 고객에게 편안한 휴식을 선사한다.",서울특별시 서초구 강남대로107길 6,37.518644,127.0181008
인터컨티넨탈 서울코엑스,,1200,02-3452-2500,"강남구, 서울숙소, 숙박, 인터컨티넨탈서울코엑스","인터컨티넨탈 서울 코엑스는 대한민국의 트렌드가 시작되는 강남의 중심에서 쇼핑과 여가, 비즈니스를 한 번에 누릴 수 있는 모던하고 스타일리시한 비즈니스호텔이다. 한국 전통의 아름다움을 간직한 봉은사와 마주하고 있으며 코엑스몰, 카지노, 면세점과 바로 연결되어 쇼핑과 문화, 여가를 원스톱으로 즐길 수 있다.
아름다운 한강과 도심의 풍경을 한눈에 담을 수 있는 총 654개의 객실은 비즈니스와 여행에 최적화된 시설을 갖추고 있으며 새로운 개념의 LED조명으로 다양한 콘셉트와 세련된 분위기를 연출할 수 있는 하모니볼륨을 비롯한 총 11개의 연회장에서는 성공적인 모임을 준비할 수 있다.
또한 서울의 스카이 라인을 한눈에 담으며 식사를 즐길 수 있는 스카이라운지를 비롯해 한식, 중식, 일식, 인도식, 아랍식을 한 테이블에서 만나는 아시아 라이브 등 총 5개의 레스토랑&바에서 국내산 청정 로컬푸드를 이용한 다양한 미식을 즐길 수 있다.",서울특별시 강남구 봉은사로 524,37.5125207,127.0588194
코트야드 메리어트 서울 남대문,숭례문의 정취가 느껴지는 남대문 호텔,1200,02-2211-8000,"가족과함께, 남대문호텔, 서울숙소, 서울호텔, 수도권, 숙박, 친구와함께, 코트야드메리어트서울, 코트야드메리어트서울남대문, 호캉스","코트야드 메리어트 서울 남대문은 서울특별시 중심부에 들어선 첫 번째 코트야드 브랜드 호텔이다. 국보 1호 숭례문을 마주하고 있으며 남대문 시장, 명동과 인접성을 자랑한다. 지하철 2호선 을지로입구역 6번 출구에서 걸어서 약 5분이면 도착하는 편리한 위치를 자랑한다. 걸어서 5분 이내 거리에 롯데백화점 본점이 있다. 또한 청계천이 걸어서 약 10분, 명동거리까지는 도보로 약 5분, 다양한 공예품을 한자리에서 만나볼 수 있는 쌈지길까지 걸어서 약 20분이면 도착한다.
이호텔에서는 여행객들을 위해 공용 지역 무료 무선 인터넷, 발렛파킹, 카페 등을 포함한 다양한 시설과 서비스르 제공하고 있다. 그 밖에도 고급스러운 바, 룸서비스, 드라이클리닝, 무료 주차등으로 서울 고급 호텔만의 고품격 서비스를 항상 제공하고 있다.",서울특별시 중구 남대문로 9,37.5611902,126.9769246
반얀트리 클럽 앤 스파 서울,진정한 휴식이 있는 영혼의 안식처,1200,02-2250-8000,"반얀트리클럽앤스파서울, 서울숙소, 수도권, 숙박, 호텔","반얀트리 클럽 앤 스파 서울 (Banyan Tree Club & Spa Seoul)은 싱가포르의 세계적인 리조트 브랜드인 반얀트리 호텔 앤 리조트 그룹 (Banyan Tree Hotel & Resort Group)의 첫 번째 도심형 리조트이다. 멤버십 클럽 겸 호텔로 탁 트인 자연 속에서 휴식을 즐길 수 있는 도심형 리조트이자 럭셔리 비즈니스호텔이다. 7만 평방미터의 부지에 펼쳐진 반얀트리 클럽 앤 스파 서울은 서울의 중심인 남산에 위치하고 있으며 클럽, 호텔, 페스타 3개 건물과 다양한 야외 스포츠 공간으로 구성되어 있다. 이국적 풍경을 자랑하는 23개의 카바나를 갖춘 더 오아시스(야외 수영장), 사우나, 피트니스센터, 골프연습장, 테니스 코트, 풋살장, 스파, 키즈클럽 등 럭셔리하면서도 실용적인 시설로 바쁜 일상에서 벗어나 온전한 휴식과 프라이빗한 시간을 누릴 수 있다.
호텔 동에는 릴렉세이션풀(Relaxation Pool, 객실 내 미니 풀)을 갖춘 34개의 스위트급 객실을 보유하고 있으며 클럽 동에는 독특한 인테리어가 돋보이는 16개 클럽 객실을 갖추고 있다. 특히 호텔 최상 층에 위치한 두 객실뿐인 룸 ‘프레지덴셜 스위트(Presidential Suite)’는 서울 4계절의 아름다움을 가득 담은 남산과 서울의 야경이 3면 통유리를 통행 시원하게 펼쳐진다.",서울특별시 중구 장충단로 60,37.550263,127.0005365
서울한옥스테이(jnpstay)[한국관광 품질인증/Korea Quality],서울 도심 한가운데서의 전통놀이 체험,1200,0507-1309-6800,"독채한옥, 서울숙소, 서울여행, 서울한옥, 취사가능, 품질인증업소_전체보기, 한국관광품질인증, 한국관광품질인증_한옥, 한옥","서울한옥스테이는 jnpstay는 서울 경복궁역에서 도보 3분거리에 있는 독채 한옥 스테이로 프리이빗한 공간을 제공한다. 마당에서는 제기차기, 윳놀이, 투호놀이 등 전통 놀이를 즐길 수 있고, 테이블을 펴고 즐기는 바비큐는 한옥에서의 특별함을 더해 준다. 마당에서 하늘을 올려다 보고 살랑살랑 불어오는 바람을 느끼며 처마에서 떨어지는 빗방울을 바라보는 비멍이 바로 이곳에서 가능하다.",서울특별시 종로구 자하문로1나길 7-28,37.5769004,126.9708882
코리아나 호텔,,1100,02-2171-7000,"서울호텔, 숙박, 숙박시설, 숙박업소, 코리아나, 호텔, 휴식공간, 휴식여행, 휴식하기좋은곳, 힐링&여행","서울의 비즈니스와 관광의 중심인 광화문에 위치한 코리아나 호텔은 1972년 개관한 한국호텔의 역사를 주도해온 전통 있는 호텔로서 서울을 방문하는 비즈니스 출장객과 관광객에게 편리함을 제공한다.전통적인 한국의 미와 현대적인 느낌을 동시에 느낄 수 있는 코리아나 호텔에서는 역사의 정취를 느낄 수 있는 경복궁, 덕수궁 등의 고궁과 현대적인 느낌으로 재구성된 청계천, 광화문 광장을 배경으로 펼쳐지는 서울의 사계절을 볼 수 있다. 또한 고객의 편의를 충족시키기 위해 다양한 객실을 갖추고 있어 관광객은 물론 비즈니스 출장객의 니즈에 맞는 객실을 보유하고 있으며, 특히 2008년에 새 단장을 마친 이그젝티브 객실과 라운지는 고객 여러분의 성공적인 비즈니스를 위한 편안한 휴식처로 다양한 서비스를 제공하고 있다.
코리아나 호텔은 양식당, 중식당, 일식당 등 다양한 식음료 부대시설을 갖추고 있으며, 연회장을 보유하고 있고 고객 여러분의 행사규모와 목적에 맞는 다양한 형태의 연회 및 회의에 적합한 시설로 고객 맞춤화 서비스를 추구하고 있어 고객의 ‘Needs&Wants’에 맞는 서비스를 제공하고 있다. ‘내집 같다’라는 이야기가 투숙객들의 첫마디인 코리아나 호텔은 30년 이상 전통을 지닌 특급 관광호텔로서 고객에게 ‘편안함’을 모토로 삼고 있는 호텔업계의 선두주자라 하겠다. 지난 1988년 서울 올림픽 때는 올림픽 메인 프레스 센터 식당을 운영했으며 곧이어 개최된 장애자 올림픽에서는 선수촌 식당을 맡아 성공적으로 운영함으로써 당국 및 관계자는 물론 각국 선수, 임원들로부터 질 높은 음식과 종업원들의 친절한 서비스로 격찬을 받은 바 있다.",서울특별시 중구 세종대로 135,37.5683015,126.976646
JW 메리어트 호텔 서울(JW Marriott Hotel Seoul),오감을 감동시키는 특별한 럭셔리의 여정을 선사하는 JW 메리어트 호텔 서울,1100,02-6282-6262,"서울숙소, 숙박","JW 메리어트 호텔 서울이 대대적인 리노베이션을 통해 가장 세련되고 품격있는 럭셔리 호텔로 재탄생했다. 세계적인 인테리어 디자이너들이 대거 참여하여 한국의 미를 담아 창조한 웅장하고 세련된 공간, 저명한 식음 컨설턴트들과 국내외 최고 쉐프들이 선보이는 독창적이고 품격 높은 미식 경험, 옛부터 뿌리깊게 내재된 한국인의 공경심과 배려심에서 우러나오는 섬세하고 진정성 있는 서비스, 고객의 취향에 맞춘 다양한 엔터테인먼트와 심신의 건강을 케어해주는 웰니스 프로그램 등으로 고객이 열망하는 그 이상의 재미와 감동, 잊지 못할 추억을 만들어 주는 진정한 럭셔리의 정수를 선보인다.",서울특별시 서초구 신반포로 176,37.5043637,127.0036211
교대게스트하우스[한국관광 품질인증/Korea Quality],아늑한 분위기의 게스트하우스,1100,"02-3486-7373, 010-7390-5901","게스트하우스, 서울게스트하우스, 서울숙소, 서울여행, 품질인증업소_전체보기, 한국관광품질인증, 한국관광품질인증_게스트하우스","교대게스트하우스는 서울 교대역 인근의 서초삼성래미안 아파트 내에 있다. 주로 인근 학원에서 공부하기 위해 한국을 방문하는 외국인 학생이 장기간 머물곤 한다. 일반 가정집 내의 일부 공간으로, 두 개의 객실이 각각 분리되어 있고, 각 방에는 컴퓨터와 책상이 있다. 주방과 욕실, 거실과 TV, 소파는 함께 사용하고, 세탁은 무료로 제공된다.",서울특별시 서초구 사임당로17길 116 서초삼성래미안아파트,37.4932689,127.0196731
스테이 데이 오프 [한국관광 품질인증/Korea Quality],마당과 한옥을 바라보며 노천욕을 즐길 수 있는 곳,1100,0504-0904-2406,"독채한옥, 서울숙소, 서울여행, 서울한옥, 조식가능, 품질인증업소_전체보기, 한국관광품질인증, 한국관광품질인증_한옥, 한옥","스테이데이오프는 서울 경복궁 서쪽마을 서촌 먹자골목 뒤편에 위치한 한옥스테이다. 지하철 3호선 경복궁역에서 도보 5분 거리에 있어 대중교통의 접근성이 뛰어나다. 객실은 본채와 별채로 나뉘는데, 본채는 퀸사이즈 침대가 놓인 침실 2개, 거실 겸 주방, 화장실 2개로 구성되어 있다. 별채의 특별함은 시원한 통창 안으로 반신욕을 할 수 있는 욕조와 사우나가 있다는 것이다. 주중에 이틀 넘게 묵으면 숙박비를 10% 할인해준다.",서울특별시 종로구 자하문로1다길 6,37.5772819,126.9711474
대우모텔[한국관광 품질인증/Korea Quality],1인 여행자를 배려한 싱글룸이 여기에!,1100,02-755-8067,"서울숙소, 서울여행, 서울호텔, 조식가능, 품질인증업소_전체보기, 한국관광품질인증, 한국관광품질인증_호텔, 호텔","대우모텔은 서울 중구 북창동에 자리한다. 도보 10분 이내 거리에 서울광장, 덕수궁, 명동 쇼핑가, 다양한 식당이 있어 여행에 편리하다. 2013년 리모델링을 통해 새롭게 단장해 깔끔하고 고객 편의를 위해 객실 내 다양한 편의시설을 갖췄다. 무료 조식과 수하물 보관, 세탁, 팩스/복사 서비스를 제공한다.",서울특별시 중구 세종대로14길 22-2,37.5627386,126.9778894
한옥 게스트하우스 동촌재 [한국관광 품질인증/Korea Quality],경복궁의 서쪽 마을에 위치한 마당이 있는 한옥,1100,"010-8561-5227, 010-9127-5227","게스트하우스, 서울게스트하우스, 서울숙소, 서울여행, 서울한옥, 조식가능, 품질인증업소_전체보기, 한국관광품질인증, 한국관광품질인증_게스트하우스, 한옥","동촌재는 서울 종로 서촌에 자리한 한옥 게스트하우스로, 안채를 숙박공간으로 사용한다. 안채는 객실 4개와 대청마루, 주방, 화장실로 구성되어 있다. 화장실은 뒷마당에도 있다. 취사는 불가하지만 즉석식품 정도는 먹을 수 있고, 외부 음식 반입도 가능하다. 무료 조식을 제공하고, 마당이나 대청에서 영화감상이 가능하며, 냉장고와 세탁기를 이용할 수 있다. 야간 한양도성 탐방, 다도, 떡만들기 등 체험 프로그램을 운영한다.",서울특별시 종로구 자하문로11길 21-10,37.5800576,126.9697694
더 플라자 (THE PLAZA),마음을 편하게 해주는 숙소,1100,02-771-2200,"서울숙소, 서울호텔, 수도권, 숙박, 숙박시설, 숙박업소, 플라자호텔, 휴식공간, 휴식여행, 휴식하기좋은곳","더 플라자 호텔은 국내 최고의 Boutique Hotel이다. 호텔 곳곳에 베어있는 감성적인 디자인 미학(美學)과 고객 동선 하나하나에 스며 있는 섬세한 서비스, 국제 비즈니스 도시 서울의 편리(便利)를 모두 갖춘, 스타일과 편리를 추구하는 현대 비즈니스맨을 위한 ‘완벽한 호텔’을 지향하고 있다. 플라자호텔은 각 기업들의 본사 이외 은행본점들이 밀집한 시내교통 한 중심에 위치하여, 남대문과 각 쇼핑센터 등의 연계로 비즈니스 손님들 뿐만 아니라 관광객에게도 편리함을 제공하고 있다. 또한 시청을 정면으로 두고 위치해 멀리 청와대까지 바라볼 수 있는 장관을 연출하고 있다.",서울특별시 중구 소공로 119,37.5646699,126.9779134
웨스틴 조선 서울,서울 최고의 비즈니스 호텔,1100,02-771-0500,"가족과함께, 서울숙소, 서울호텔, 숙박, 연인과함께, 웨스틴조선호텔, 친구와함께, 호캉스","비즈니스와 쇼핑의 최적지인 서울의 심장부에 위치한 특 1급 호텔로, 각국의 대사관, 은행, 정부부처, 고궁과 백화점과 명동에 인접한 곳에 자리하고 있다.
1914년 개관한 현존하는 한국 최고(最古)의 호텔로서 100여 년의 전통이 만들어낸 품격 높은 서비스와 현대적 시설, 도심이라는 위치적 편의성 등으로 세계적인 여행, 금융 잡지에서 서울 최고의 비즈니스 호텔로 인정받고 있다.
SIMMONS사에서 제작한 세계특허 포켓스프링으로 만든 매트리스와 웨스틴의 거위털 듀뱃의 만남으로 ‘천상의 편안함을 제공하는 꿈의 매트리스를 사용하고 있다. 인체 곡선을 따라 따로따로 움직이는 포켓스프링이 인체를 완벽하게 받쳐주며, 특별 제작된 필로우 톱 매트리스가 깔려 침구가 몸을 감싸는 듯한 포근함을 선사한다.
전통의 스시 명가 스시조, 건강한 광동식 중식을 선보이는 홍연, 오페라의 영혼을 느낄 수 있는 라이브 뷔페 아리아, 모던 이탈리안 오스테리아 루브리카, 나인스 트 와인 & 다인, 총 5개의 레스토랑과 조선델리 스위트 기프트 & 파티세리와 오픈형 라운지 & 바에서 국내 최고의 미식을 즐길 수 있다.
웨스틴 조선 서울의 연회 시설로는 대연회장인 그랜드 볼룸과 중, 소연회장이 있습니다. 그랜드 볼룸은 최대 450명까지 수용이 가능하며, 최상급 스피커, 8개의 스크린, 182대의 라이트와 콘솔로 다양한 행사를 연출할 수 있다. 환구단의 아름다움을 만끽할 수 있는 중, 소연회장은 최대 200명의 연회가 가능하며, 다양한 성격의 연회 진행이 가능하다.",서울특별시 중구 소공로 106,37.5644378,126.9800994
소소하우스[한국관광 품질인증/Korea Quality],서촌 골목 감성과 한옥의 편안함을 누릴 수 있는 곳,1100,010-5286-0704 / LINE : soso-house,"독채한옥, 서울숙소, 서울여행, 서울한옥, 조식가능, 취사가능, 품질인증업소_전체보기, 한국관광품질인증, 한국관광품질인증_한옥, 한옥","소소하우스는 서울 종로구 서촌에 위치한 독채 한옥스테이다. 대문에 들어서면 돌을 깔아놓은 자그마한 마당과 알프스 사과나무가 반갑게 맞이하고, 마당 한쪽에는 걸상이 있어 차 한잔의 여유를 즐기기에 좋다. 대청마루를 중심으로 양편에 안방과 주방이 있는데, 안방에는 다락이 딸려 있다. 취사가 가능하고 조식으로 빵과 샐러드, 커피가 제공되며, 과일청과 차 등도 서비스로 제공된다. 도보로 경복궁, 서울역사박물관, 박노수미술관 등으로 이동할 수 있다.",서울특별시 종로구 필운대로5가길 16-5,37.5802778,126.9681561
모텔 B,여행 속 쉬어가는 공간,1100,02-734-7725,"서울숙소, 숙박","서울 서대문역 5번출구에 있는 모텔비는 서울의 중심 중구에 위치하고 있다. 강북삼성병원과 서울적십자병원이 길건너에 있어 병원을 이용하려는 고객들에게도 인기가 좋으며 시청을 비롯한 관공서들이 많아 비즈니스로 서울을 찾는 분들에게도 편안한 쉼터가 된다.
모텔 옆 정동길을 따라 덕수궁 돌담길의 산책은 아름다운 추억을 만들기에 충분하고 주변관광지로는 경희궁, 서울역사박물관, 정동길, 덕수궁등이 있으며 서울 중심권에 즐비한 대형백화점과 대형쇼핑몰에서의 즐거운 쇼핑을 즐길 수 있다.",서울특별시 중구 새문안로 28-1,37.5676904,126.9689262
서울올림픽파크텔,청소년과 체육인에게 특화된 호텔,1100,02-410-2114,"국민체육진흥공단, 서울숙소, 서울올림픽파크텔, 송파구, 숙박, 올림픽파크텔","서울올림픽파크텔은 1988년 제24회 서울올림픽대회의 성공적인 개최를 기념하고, 대회 유산을 효율적으로 활용하기 위해 국민체육진흥공단정관에 따라 1990년에 설립되었다. 서울 송파구 잠실 소재의 올림픽공원 내에 위치하고 있어 객실에서 울창한 숲과 호수를 조망할 수 있으며, 이용객의 편의를 위한 다양한 부대시설도 갖추고 있다. 특히 청소년과 체육인에게 특화된 호텔로 보다 편리하고 저렴하게 이용할 수 있다.
서울올림픽파크텔은 세계 5대 조각 공원 중 하나이며, 43만 평 규모의 아름다운 경관을 가지고 있는 올림픽공원과 더불어 성공적인 비즈니스를 위한 맞춤 공간으로 고객에게 사랑받고 있다. 대규모 국제 대회, 세미나, 다양한 규모의 연회에 이르기까지 어떠한 행사도 성공적으로 이끌 수 있는 최적의 장소이다.
도심 속 푸른 섬 올림픽공원은 스포츠 콤플렉스(2023년 완공), KSPO DOME 등 KPOP 콘서트·대규모 공연장과 특화된 5곳과 88 잔디마당, 지구촌공원, 피크닉장, 음악 분수가 있는 수변 무대 등 4곳의 다양하고 넓은 이벤트광장이 있어 연회 행사 개최의 최적의 공간을 보유하고 있다.",서울특별시 송파구 올림픽로 448,37.5210311,127.1161652
The-K호텔서울 (더케이호텔서울),"현대 도시인들이 문화와 예술, 자연이 함께 어우러진 공간 속에서 프레시 업(Fresh Up) 할 수 있는 새로운 휴식 문화 공간",1000,02-571-8100,"서울숙소, 숙박","서초구 양재동에 위치한「The-K호텔서울」은 현대 도시인들이 문화와 예술, 자연이 함께 어우러진 공간 속에서 프레시 업(Fresh Up) 할 수 있는 새로운 휴식 문화 공간, ‘The Real Urban Resort’를 표방하는 프리미엄 호텔이다.
3만 2천여 평(105,000㎡)의 넓은 면적을 자랑하며, 250실의 다양한 객실과 아트홀, 대연회장, 컨벤션 센터, 애비뉴(별관)으로 구성되어 있으며 29개의 대·중·소규모 연회장을 보유하고 있어 여러 회의가 동시에 진행되는 국제행사를 비롯하여 의학 학술 세미나 등 다양한 행사 진행의 명소로 각광받고 있다. 신분당선 양재시민의 숲(매헌) 역에서 5분 거리에 있어 대중교통이 용이하며, 3호선 양재역에서는 호텔 셔틀버스를 이용하시면 편리하게 호텔로 이동할 수 있다. 또한 경부고속도로 양재 IC와 3분 거리에 근접해 있으며 인천공항에서 호텔 로비까지 한 번에 이동할 수 있는 공항리무진버스를 이용할 수 있어 각종 행사 시 편리한 교통으로 접근이 뛰어나다는 이점을 가지고 있다. 뿐만 아니라 1,200여 대를 동시에 수용할 수 있는 지상과 지하 주차시설을 모두 완비하고 있어 여유롭고 편리하게 행사를 진행할 수 있다.",서울특별시 서초구 바우뫼로12길 70,37.4667729,127.0328158
롯데호텔서울,"명동, 을지로, 청계천 등 서울의 중심 관광지들로의 접근성이 뛰어나
서울 관광을 위한 최적의 위치를 자랑하는 롯데호텔 서울",1000,02-771-1000,"서울숙소, 숙박, 중구, 호캉스즐기기","서울의 중심에 위치한 롯데호텔서울은 1,015실 규모를 갖춘 한국 최고의 럭셔리 호텔이다. 네 개의 세계적인 인테리어 회사들이 참가하여 설계한 독창적인 본관 객실은 최신 트렌드를 반영하며 성공적인 비즈니스를 위한 최적의 공간이다. 2018년 9월 리뉴얼된 이그제큐티브타워는 한층 더 정교한 서비스와 세계적인 인테리어 회사 “GA”가 설계한 품격 있는 공간으로 재탄생하여 럭셔리 호텔의 새로운 지평을 열어갈 것이다.
또한, 롯데호텔서울은 각종 공공기관과 가까운 위치에 있으며 백화점과 면세점이 같이 위치하여 편리성을 자랑한다. 품격 있는 가족 모임과 럭셔리 웨딩을 위한 최상의 장소를 제공하고 있으며, 최고급 레스토랑을 갖추고 있어 국빈 등 VIP 고객을 모시기에 최적의 공간을 제공한다.",서울특별시 중구 을지로 30 롯데호텔,37.5653778,126.9813558
루민북촌[한국관광 품질인증/Korea Quality],한옥 체험을 원하는 외국인 여행자는 이곳으로!,1000,070-8098-4497,"독채한옥, 서울숙소, 서울여행, 서울한옥, 취사가능, 품질인증업소_전체보기, 한국관광품질인증, 한국관광품질인증_한옥, 한옥","루미북촌은 서울 가회동 북촌한옥마을 인근 주택가에 있는 독채 한옥 숙소로, 7평이라 크지 않지만 2인이 머물기에 충분하다. 발뮤다 토스터기와 인덕션 등을 갖춘 주방과 샤워가 가능한 화장실, 빔프로젝터를 갖춘 침실까지 어느 것 하나 불편함이 없도록 준비돼 있다. 아로마 브랜드의 어메니티와 숙소 근처 유명 카페의 드립백 커피 등도 비치되어 있고 세탁기 이용도 가능하다. 인근에 고궁, 인사동, 한옥마을 등 주요 관광지가 있다.",서울특별시 종로구 북촌로11길 13-12,37.5815085,126.9841276
보안스테이(BOANSTAY),,987,boanstay@gmail.com,숙박,"2007년부터 예술공간으로 운영되어온 ‘통의동 보안여관’은 본래 1942년부터 2005년까지 약 60년간 수 많은 나그네들이 머물다간 쉼의 공간이었다. 잠시 멈춰졌던 장소의 고유한 기능을 되살리며 한국 근대문학의 주요 거점 중 하나였던 보안여관의 문화적 유산을 이어 2017년, 문화를 생산하고 향유하는 크리에이터들을 위해 ‘보안스테이’는 새롭게 문을 열었다. 카페(33마켓), 서점(보안책방), 전시 공간(보안1942)이 포함된 복합문화예술공간 보안1942의 3,4층에 위치한 보안스테이Boanstay는 컬쳐 노마드들을 위한 가장 이상적인 임시 거주의 형태를 구현하고자 만들어졌다. 서울의 교통 요지이자 문화, 역사의 중심지인 서촌에 자리한 보안스테이는 도시의 스카이라인과 대조를 이루는 북악산과 경복궁, 청와대, 서촌의 한옥 등 주변의 특색있는 풍경을 감상할 수 있는 매력적인 전망을 지니고 있으며 내부 객실은 휴식과 이완을 극대화 시킬 수 있는 간결하고 절제된 구조와 색감을 바탕으로 한국을 대표하는 현대 예술가와 디자이너의 작품과 가구로 구성되어 있다.",서울특별시 종로구 효자로 33,37.5790439,126.9736188
명동게스트하우스 꼬모 [한국관광 품질인증/Korea Quality],서울 도심 전경을 파노라마로 감상할 수 있는 곳,986,02-755-5437,"게스트하우스, 서울게스트하우스, 서울숙소, 서울여행, 조식가능, 품질인증업소_전체보기, 한국관광품질인증, 한국관광품질인증_게스트하우스","꼬모는 서울 지하철 명동역에서 도보 3분 거리에 위치한 게스트하우스로, 외국인 여행객이 특히 많이 찾는다. 객실은 1인 여행객부터 가족 여행객까지 아우를 수 있도록 다양하게 준비하였고, 객실마다 개별 화장실 겸 욕실을 갖춰 편의성을 높였다. 영어와 중국어에 능통한 스태프가 있고 짐 보관 서비스를 무료로 제공한다. 차량 10분 거리에 남산서울타워, 숭례문, 남대문시장 등 주요 관광지가 있다.",서울특별시 중구 퇴계로24길 12,37.5604179,126.987208
노보텔 앰배서더 강남,"프랑스풍 특1급 호텔로 전세계 400여 개의 노보텔 체인 중 하나로
세계적인 브랜드에 걸맞은 고품격 서비스와 시설을 자랑한다.",977,02-567-1101,"강남구, 서울숙소, 숙박","서울 경제의 중심지인 강남에 위치한 노보텔 앰배서더 강남에는 귀빈실 8개와 안락한 객실 332개 그리고 커피숍, 로비 라운지, 일식당, 펍 레스토랑, 뷔페식당과 함께 세미나, 회의, 칵테일 리셉션 등 모든 종류의 연회를 유치할 수 있는 연회장 4개가 있다. 또한 24시간 이용할 수 있는 비즈니스센터와 호텔 내에 어디서나 이용 가능한 고속 인터넷 무선 랜카드, 첨단 시설을 갖춘 수영장, 골프 레인지, 체련장, 사우나, 에어로빅 룸과 조깅 트랙 등을 갖춘 헬스클럽이 운영되고 있다.
로비에 들어서면 눈앞에 펼쳐지는 로비라운지의 폭포수가 여름에는 시원함을 겨울에는 아름다운 설경을 선사한다. 푹신한 소파에서 커피, 칵테일, 차 등 각종 음료와 함께 다양한 디저트를 골라 드실 수 있으며 간단한 아침식사도 제공하고 있다. 또 낮에는 조용한 분위기에서 비즈니스 만남을, 저녁에는 감미로운 라이브 연주와 함께 아늑한 분위기를 만끽할 수 있다.
서울을 찾은 관광객과 비즈니스맨을 위해 적합하게 설계된 객실들은 세련되고 깨끗한 분위기를 자랑하며 한층 여유롭고 쾌적한 공간으로 품격 있는 서비스를 제공한다. 특히 노보텔 스위트룸의 편안하고 안락한 침실 내의 욕실에는 자쿠지(Jacuzzi)욕조가 있어 업무 후 편안한 휴식을 도와준다. 또한, 24시간 이용 가능한 비즈니스 센터, 호텔 내 어디서나 이용 가능한 초고속 인터넷 무선 랜카드와 최첨단 시설을 갖춘 수영장, 골프 연습장, 체련장, 사우나, 에어로빅 룸과 조깅 트랙 등을 갖춘 헬스 클럽이 06:00 ~ 22:00 까지 운영되고 있다.
COEX 무역 센터, 경부 고속도로와 인접해 있으며 인천 국제 공항의 이용에도 용이한 위치해있는 노보텔 앰배서더 강남은 고객의 보다 나은 편의를 위해서 항상 최선을 다하고 있다.",서울특별시 강남구 봉은사로 130,37.5053029,127.0288672
JW 메리어트 동대문 스퀘어 서울,한국의 아름다움을 느낄 수 있는 호텔,977,02-2276-3000,"서울숙소, 숙박, 종로구","서울의 엔터테인먼트, 문화, 상업이 융합되는 다이나믹한 동대문에 위치한 JW 메리어트 동대문 스퀘어 서울(JW Marriott Dongdaemun Square Seoul)은 서울에서 두 번째로 선보이는 JW 메리어트(JW Marriott) 호텔이다. 스위트 룸 15개를 포함한 객실 170개, 수영장, 24시간 피트니스 센터, 풀 서비스 스파를 갖추고 있는 JW 메리어트 동대문 스퀘어 서울에서 고객들은 편안한 휴식을 즐길 수 있다. 메리어트 동대문 스퀘어 서울의 그랜드 볼룸에서는 모던하면서 품위 있는 공간에 98개의 삼성 LFD(Large Format Display)로 연결된 첨단 미디어 월(Media Wall)로 성공적인 프레젠테이션 및 기업 연회, 이벤트 등이 가능하며 4개의 다양한 미팅 룸이 준비되어 있다. 또, 고객들은 세계적인 명성을 자랑하는 스테이크하우스 BLT Steak를 비롯해 올 데이 다이닝을 즐길 수 있는 Tavolo 24, The Lounge, The Griffin Bar, Seoul Baking Company에서 최고의 미각 체험을 할 수 있다. 특히, 쇼핑 마니아들은 26개의 쇼핑 몰과 3만여 개의 전문 샵들로 구성된 한국의 가장 큰 쇼핑 지역에 자리 잡은 호텔을 마음껏 즐기게 될 것이다.",서울특별시 종로구 청계천로 279,37.5703941,127.0089126
"조선 팰리스 서울 강남, 럭셔리 컬렉션 호텔 (Josun Palace, a Luxury Collection Hotel, Seoul Gangnam)","서울의 미래를 이끄는 강남의 새로운 럭셔리가 시작되는 곳, 조선 팰리스. 한국 최초의 럭셔리 호텔인 조선호텔이 조선 팰리스로 그 최초의 의미를 이어간다.",969,02-727-7200,"5성호텔, 강남호텔, 숙박, 이타닉가든, 조선팰리스, 콘스탄스뷔페, 테헤란로호텔, 호캉스","조선 팰리스 서울 강남, 럭셔리 컬렉션 호텔(이하 조선 팰리스)은 한국 최고의 럭셔리 호텔이었던 초기 조선호텔의 장인정신을 바탕으로 지난 100여 년동안 지녀온 헤리티지를 계승해 조선호텔앤리조트가 첫 선을 보이는 최상급 독자 브랜드 호텔이다. 또한 한국 최초로 메리어트 인터내셔널의 유니크하면서도 역사적인 럭셔리 호텔 브랜드인 ‘럭셔리 컬렉션’(The Luxury Collection)과 소프트 브랜드 제휴를 맺어 대한민국 첫 번째로 오픈한 럭셔리 컬렉션 호텔이다.
지하 6층, 지상 36층 규모에 총 254 객실을 보유하고 있으며 파노라마 뷰, 도심 속의 스카이라인 뷰를 느낄 수 있다. 객실 타입은 총 9개로, 전 객실에 스웨덴 명품 브랜드 바이레도 제품 어메니티가 제공되며, 에어 드레서, 캡슐 커피 머신이 비치되어 있다. 전 객실 그랜드 리셉션에서 커피 및 쿠키가 제공되고, 객실 타입에 따라 다양한 혜택이 포함되어 있어 조선 팰리스만의 럭셔리한 라이프를 즐길 수 있다. 고객 한 분 한 분에게 맞춤형 서비스를 선보일 그리팅 장소인 그랜드 리셉션, 최상의 컨디션 속에서 서울의 시티뷰를 조망할 수 있는 총 254개의 객실, 콘스탄스(Constans), 이타닉 가든(Eatanic Garden), 더 그레이트 홍연(The Great Hong Yuan), 1914 라운지 & 바, 조선델리 더 부티크 등 총 5개로 구성된 독보적인 고메 컬렉션, 최대 300 명이 한번에 이용할 수 있는 더 그레이트 홀을 비롯한 3개의 연회장, 럭셔리 웰니스를 완성해줄 수영장 및 피트니스 시설로 구성되어 있다.
조선 팰리스는 호스피탈리티 업계의 신진 디자이너로 명성을 떨치며 전세계적으로 주목받고 있는 움베르트&포예(Humbert&Poyet)가 디자인 설계를 맡았다. 두 디자이너는 럭셔리에 대한 정의를 통해 최상위 호텔 브랜드의 다층적인 미를 완성시켰다. 미적 완성도뿐 아니라 조선 팰리스는 시그니처 향인 라스팅 임프레션(Lasting Impression)을 개발해 오감의 다각적인 요소를 채웠다. 긴 시간 동안 겹겹이 쌓인 조선의 스토리를 향을 통해 다층적으로 느낄 수 있도록 고안했으며 그윽하게 농축되어 신비롭고 우아한 조선 팰리스의 향은 호텔 로비에 들어선 순간부터 배웅의 시간까지 고객의 여정을 함께해나가고 있다. 한편 조선 팰리스는 ‘위드 코로나’ 시대에 고객들을 위한 객실 내 서비스들을 다각적으로 도입했다. 전 객실 내 자동 UVC 살균장치를 도입해 객실 정비 후 자동으로 자외선 살균시스템이 작동된다. 공기청정, 가습기능 역시 객실 내부 필터로 장착되어 객실 컨디션을 쾌적한 상태로 유지하며, 전 객실에 공기청정기를 추가로 설치해 놓았다. 더불어 전 객실 설치된 에어드레서를 통해 고객들의 의류 컨디션까지 최상으로 보장해 나가고 있다. 또한, 문자나 IT 기기들에 친숙한 MZ 세대들의 눈높이에 맞춰 체크아웃 절차에서부터 객실 내에서의 모든 서비스 부분을 객실 내 스마트 TV와 Tablet PC를 통한 컨시어지 기능으로 구현해 비대면 서비스 옵션을 강화했다.",서울특별시 강남구 테헤란로 231,37.5032113,127.0414917
캘리포니아 관광호텔,계속 누리고 싶은 가족같은 편안함을 제공하는 곳,968,02-401-4653~5,"서울숙소, 송파구, 숙박","송파구 가락동에 위치한 캘리포니아호텔은 잠실롯데월드, 올림픽공원, 코엑스, 도심 공항 터미널, 잠실경기장 등이 근거리에 위치하여 비즈니스, 스포츠, 문화의 중심에 있다. 지리적으로 편리한 캘리포니아호텔은 다양한 쇼핑과 볼거리를 위해 근처 주요 시설로 쉽게 이동할 수 있다는 장점을 가졌다. 이 때문에 사업차 방문하는 비즈니스맨뿐만 아니라 쇼핑과 레저를 즐기러온 관광객에게 높은 만족을 제공하고 있다.
객실은 보다 현대적인 감각으로 안락하게 꾸며져 있으며 다양한 콘셉트로 고객 취향에 한 걸음 더 다가가고자 노력했다. 고품격 인테리어와 차원이 다른 서비스로 고객 감동 그 이상을 맛볼 수 있을 것이다. 또한 투숙객들의 다양한 취향을 충족시키기 위하여 마사지 기능을 갖춘 바디샤워기와 넓고 편한 최신형 월풀욕조, 위생관리를 위한 자외선 살균기, 공기 청정기 등을 갖추고 있으며 고객이 편안하게 즐길 수 있도록 42인치 대형벽걸이 TV와 Stand형 PAVV TV, DVD, 컴퓨터, 홈시어터 등의 시설을 설치하여 고객을 정성껏 맞이하고 있다. 이처럼 캘리포니아호텔은 격조 높은 객실과 편리한 부대시설을 갖추고 있으며 고객에게 서비스를 제공하고 있다.",서울특별시 송파구 송파대로28길 11,37.4940939,127.1191073
누와 [한국관광 품질인증/Korea Quality],"한옥에서 차도 마시고, 피로도 풀고",960,0504-0904-2313,"독채한옥, 서울숙소, 서울여행, 서울한옥, 조식가능, 품질인증업소_전체보기, 한국관광품질인증, 한국관광품질인증_한옥, 한옥","누와는 서울 경복궁 서쪽 서촌마을 주택가 깊숙한 곳에 있는 원룸 독채의 작은 한옥이다. 한옥 전면을 통창으로 내 시원하고, 거실에는 다도를 할 수 있는 좌식 호두나무 탁자와 욕조가 놓여 있다. 고급 다기와 찻잎, 목욕용 소금도 준비되어 있다. 여행 후 족욕이나 반신욕을 하며 피로를 풀기에 좋다. 누와만의 특별한 공간 침실에는 침대와 맞붙은 벽에 둥근 만월창이 있어 정원과 인왕산 끝자락을 볼 수 있다.",서울특별시 종로구 필운대로5나길 3-1,37.5795666,126.9677882
호텔PJ,이색적인 패키지로 더욱 즐거운 호캉스,945,02-2280-7000,"가족과함께, 서울숙소, 서울여행, 서울호텔, 숙박, 연인과함께, 중구, 친구와함께, 호캉스, 호텔","호텔 피제이가 위치한 을지로 4가 지역은 지하철 2,3,4,5호선은 물론 다양하고 편리한 대중교통과 인접해 있어 명동, 남대문, 동대문, 남산, 인사동, 홍대, 대학로등 접근성이 뛰어나 관광 및 쇼핑이 자유롭다. 총 272개의 객실을 보유하고 있으며 레스토랑, 카페, 대연회장 및 중소연회장, 비즈니스 센터등의 부대시설을 운영하고 있다.",서울특별시 중구 마른내로 71,37.5653002,126.9956651
프레지던트 호텔,1973년 1월 개관이래 국내 호텔 문화를 선도해나가고 있는 호텔,937,02-753-3131,"서울숙소, 숙박, 중구, 프레지던트호텔, 호캉스, 호캉스즐기기","프레지던트 호텔은 서울 중심부인 ''서울광장 ''앞에 위치하고 있으며 호텔 주변의 고궁, 금융, 비즈니스, 쇼핑거리는 고객의 관광의 편리함과 성공적인 비즈니스를 보장해 준다.
비즈니스 센터, 투어 데스크 등이 있으며 리셉션을 24시간 운영하고 있고 드라이클리닝 서비스, 룸서비스 등을 이용할 수 있다. 전체 303개의 객실이 있으며 스탠다드부터 스위트까지 다양한 객실이 마련되어 있다. 또한, 객실에 따라 시청 또는 남산 조망을 감상할 수 있다.",서울특별시 중구 을지로12길 16,37.5655978,126.9909764
롯데호텔 L7 강남,감각적인 도시의 문화를 닮은 L7 강남,928,02-2077-1000,"L7강남, 강남구, 강남호텔, 롯데호텔, 롯데호텔L7, 롯데호텔L7강남, 서울숙소, 숙박","롯데호텔 L7 강남은 비즈니스 호텔로 서울 강남의 중심에 위치해있으면서 동시에 서울 MICE중심인 코엑스와도 인접해있어, 국내외 참가자들에게 편의를 제공해오고 있다. 그 밖에도 레스토랑&바 ''플로팅''에서는 특급요리사들이 한껏 솜씨를 발휘한 제철 식재료로 건강한 식사와 스낵으로 고객의 취향을 사로잡을 것이다. 그리고 투숙객이라면 누구에게나 제공가능한 풋스파가 갖춰진 야외 테라스, 테크노짐(Technogym) 사의 최신 운동기구가 갖춰진 피트니스센터, 지하주차시설, 회의장을 갖추고 있다.
L7 강남은 롯데호텔의 라이프스타일 호텔로서 트렌디함과 편안한 베딩시스템으로 비즈니스고객에게 도심속의 여유를 제공한다. 객실비용은 절감하되 서비스의 질은 높여 고객의 만족도를 높이는데 주력하고 있다.",서울특별시 강남구 테헤란로 415,37.5057015,127.0515509
메이플레이스 호텔 서울 동대문,자연과 함께 편안한 휴식을 즐길 수 있는 곳,911,02-742-8080,"가족과함께, 서울숙소, 서울여행, 숙박, 아이와함께, 종로구, 휴식공간, 휴식하기좋은곳, 힐링여행","메이필드 호텔의 친 자연적인 고객 환대 정신과 감성, Five Star 호텔의 경영 노하우와 서비스 철학을 담아 2014년 7월, 전통과 문화, 예술, 감수성과 열정이 한데 어우러진 서울의 중심에 메이플레이스 호텔을 탄생시켰다. 메이플레이스 호텔은 전통(창덕궁,인사동), 젊음, 공연(대학로), 쇼핑(동대문) 등 서울을 특별하게 만드는 다양한 문화와 개성을 모두 느낄 수 있는 곳이다. 긴 여행 끝에 돌아온 집처럼 편안하게 느껴지는 환대, 도심에 위치한 호텔이지만 호텔 곳곳에서 자연을 느낄 수 있도록 배려한 섬세함, 전 객실 온수난방 시공, 태양광 모듈을 활용한 설계 등 보이지 않는 부분까지 환경을 생각한 자연주의 사고로 고객이 머무는 동안 지친 몸의 균형, 나아가 삶의 균형을 다시 찾으실 수 있도록 소중히 보살펴 드리고 있다.",서울특별시 종로구 율곡로 179,37.5761574,126.9947894
유즈패밀리,한국의 가정 생활과 문화를 옅보다,900,02-3673-0323,"가족과함께, 근대한옥, 문화시설, 문화체험, 수도권, 아이와함께, 유즈패밀리, 한옥, 한옥숙박, 한옥숙박체험, 휴식공간, 휴식여행, 휴식하기, 휴식하기좋은곳",가회동 한옥마을 한쪽에 자리한 유즈패밀리는 ''유씨'' 성을 가진 가족이 사는 일반 한옥 가정이다. 특히 한국 생활 문화에 관심이 있는 외국인들을 대상으로 한국의 가정 생활과 문화를 체험할 수 있는 기회를 제공한다.,서울특별시 종로구 율곡로10길 19,37.5765809,126.9912701
로얄호텔서울,,888,02-756-1112,"서울숙소, 숙박, 중구","명동 한복판에 위치하여 쇼핑, 비즈니스 및 관광지로 최적의 입지를 자랑하는 로얄호텔서울은 현대적인 설비의 300여개의 객실과 레스토랑, 연회장, 비즈니스센터, 스파 등의 시설을 완비하고 있다. 지리적으로 인천공항에서 70분, 서울역에서 5분 거리에 위치한다.
로얄호텔서울은 수도 서울의 중심지인 명동에 위치하며 건립 당시부터 ‘도심 속의 오아시스’라는 별칭을 얻을 만큼 서울시민과 내외국인 관광객들에게 ‘최고의 안식처’로 자리매김하였다. 특히 편리한 교통과 서울 시내를 한눈에 내려다볼 수 있는 뛰어난 전망을 자랑한다. 이러한 관광부국의 사명감과 국가 발전의 첨병으로서 우리나라 관광의 도약기라고 할 수 있는 1971년 3월 12일에 ‘순수 민간 자본에 의한 특급관광호텔’로 개관하여 현재에 이르고 있다. 지난 반세기 동안 한국관광산업 발전과 지역 사회발전에 지속적으로 기여해오고 있으며, 특히 내외국인 관광객에게 최고의 만족을 제공하는 진정한 관광호텔 문화를 선도해 왔다.
아늑하고 편안한 인테리어로 꾸며진 스위트룸은 도심의 밤 풍경을 더욱 풍성하게 만들어 주며 휴식에 많은 의미를 부여하는 고객에게 있어 매우 특별한 곳이 될 것이다. 도심 속의 편안한 휴식처로 하룻밤의 편안한 휴식과 더불어 여행 후 지속될 삶의 재충전까지 선사한다. 21층에 위치한 클럽라운지는 편안한 휴식과 사업 성공을 위한 각종 편의를 제공하는 장소로 비즈니스 업무에 필요한 상담과 다양하고 친절한 비서 서비스를 제공하고 있다.",서울특별시 중구 명동길 61,37.5643146,126.9856446
호텔 삼정,신논현역과 언주역 사이 가성비 좋은 호텔,883,02-557-1221,"강남구, 서울숙소, 숙박","서울 강남의 중앙에 위치한 호텔삼정은 역사와 전통을 자랑하는 명문호텔로서 자리매김해 왔다. 호텔삼정은 무엇보다도 빌딩식 비즈니스호텔의 답답함에 지친 고객을 위해 여유로운 공간과 정원, 파크가 있는 고객의 쉼터로 편안함과 여유로움, 한국적 정을 느낄 수 있는 호텔을 추구하고자 했다.
객실은 고급스러운 실내장식과 여유로운 공간구성을 통해 고객이 최대한 여유롭고 편안히 쉴 수 있는 공간을 마련했다. 층별로 다른 콘셉트의 객실들은 새로운 느낌으로 고객에게 다가간다. 약 3천여 평의 넓은 대지 위에 지상 12층, 지하 2층으로 구성된 본관 건물과 지상 2층의 신관 건물은 절묘한 조화를 이루고 있으며, 대형 연회/웨딩홀, 식음료 업장이 마련되어 있고 여타 부대시설로는 사우나, 휘트니스, 비지니스센터, 웨딩갤러리 빌딩이 있다.",서울특별시 강남구 봉은사로 150,37.5061222,127.0311805
모꼬지[한국관광 품질인증/Korea Quality],조용한 동네 분위기와 잘 어울리는 한옥,881,02-744-2837,"서울숙소, 서울여행, 서울한옥, 숙박, 조식가능, 취사가능, 품질인증업소_전체보기, 한국관광품질인증, 한국관광품질인증_한옥, 한옥","모꼬지는 서울 종로 혜화동, 대학로 주택가에 위치한 한옥 게스트하우스다. 지하철 한성대입구역에서 도보 10분 거리에 있어 대중교통 이용이 편리하다. 객실은 4개로, 모두 에어컨이 완비되어 있어 쾌적하게 묵을 수 있다. 인근에 대학로, 창경궁, 청계천 등 주요 관광명소가 있어 여행을 즐기기에 좋다.",서울특별시 종로구 혜화로16길 13-6,37.5907266,126.9996977
이비스 앰배서더 명동,쇼핑과 남산뷰를 동시에 즐길 수 있는 호텔,877,02-6361-8888,"명동호텔, 비즈니스호텔, 서울숙소, 수도권, 숙박, 이비스앰배서더, 호텔","이비스 앰배서더 명동은 비즈니스와 쇼핑의 중심지인 명동에 위치하며, 시내 중심지에 머무르길 원하는 주중 주 고객인 비즈니스맨과 편리한 위치를 선호하는 주말 주 고객인 레저 여행객 모두에게 사랑받는 명동 지역의 숙박시설을 제공한다. 또한 합리적인 소비를 지향하는 실속파 소비자들에게 ‘가격’과 함께 ‘감성’적인 만족을 동시에 드리는 신개념의 호텔로 유럽 및 미주에서 확고하게 자리 잡은 브랜드답게 외국 관광객들의 인기를 한 몸에 받고 있다.
서울시의 찬란한 전경을 한눈에 느낄 수 있는 ‘Top floor’인 19층에 호텔 로비가 있으며, 심플하면서 모던한 디자인으로 꾸며진 객실에는 비즈니스와 여행으로 지친 고객의 휴식 공간으로 손색이 없다. 19층에 위치한 레스토랑 역시 합리적인 가격과 고급스러운 메뉴 구성으로 조식, 중식 그리고 석식을 즐기실 수 있으며, 2개의 미팅홀과 와인 바 ‘Le Bar’도 겸비되어 있다. 뿐만 아니라 모든 객실에 설치된 LCD 스크린, 개인용 금고, 무료 인터넷 서비스, 넓은 업무용 공간과 24시간 리셉션 서비스 등을 갖춘 현대적인 스타일로 비즈니스맨들을 위한 편의시설에도 정성을 다하고 있다.
이비스 앰배서더 명동은 고객에게 꼭 필요한 시설과 서비스를 제공하는 경영 전략으로 편안한 휴식공간과 밝은 미소, 친절한 서비스, 질 좋은 음식과 같은 필수적인 부분에서 고객을 만족시키는 대신 벨맨, 도어맨, 주차 대행 등의 전형적인 특급 호텔의 서비스들을 과감히 배제함으로써 파격적인 정찰제 객실 요금을 제시하고 있다.",서울특별시 중구 남대문로 78,37.5641882,126.9830621
오크우드 프리미어 코엑스,"비즈니스와 문화의 중심지, 내 집 같은 편안함",854,02-3466-7000,"가족과함께, 강남무역센터, 강남호텔, 서울숙소, 서울호텔, 숙박, 연인과함께, 오크프리미어코엑스, 친구와함께, 코엑스, 코엑스호텔, 호캉스","세계적으로 가장 신뢰받는 서비스 제공 업체이자 오크우드 월드와이드의 일원인 오크우드 프리미어 코엑스 센터는 2002년 최고급 호텔의 서비스와 넓고 여유로운 편안한 집이 합쳐져 서울 최고의 서비스 레지던스로서 시장에 진출하였다. 세련되고 고급스러운 분위기이면서 동시에 비즈니스를 위한 출장객들과 가구가 잘 갖춰진 호텔을 찾는 한국인들에게도 인기가 많다.
오크우드 프리미어 코엑스 센터는 47평방미터부터 227평방미터까지, 스튜디오, 1,2,3,4 베드룸의 총 280개의 객실로 이루어져 있다. 24시간 프런트 데스크 서비스와 보안이 잘 갖추어진 오크우드는 하루부터 1년 이상의 장기 투숙까지 가능하다. 또한 비즈니스맨을 위하여 강남에서 상업적으로 가장 번화한 삼성동에 위치하고 있으며 27층의 오크우드 건물은 도심공항타워, 코엑스 컨벤션과 쇼핑몰, 아셈타워, 무역 센터, 현대백화점 등에 인접하여 멋진 실루엣을 보여준다. 또한 테헤란로에서 5분 거리에 위치하고 있다.",서울특별시 강남구 테헤란로87길 46,37.5125207,127.0588194
호텔 레이크,석촌호수앞 전경이 아름다운 관광호텔,852,02-422-1001,"서울숙소, 송파구, 숙박","잠실 석촌호수 서호 롯데월드 매직아일랜드를 한눈에 내려다볼 수 있는 호숫가에 레이크 관광호텔이 있다. 봄이면 벚꽃축제, 아름다운 분수쇼, 특별한 날과 토요일마다 펼쳐지는 불꽃놀이를 레이크호텔 객실 또는 스카이라운지에서 감상할 수 있다. 주위에 무역 센터, 종합전시장, 올림픽 스타디움 등과 인접해 있어 고객의 방문 목적에 맞게 최상의 편의성과 만족을 선사하며, 연중 25% 할인으로 고객 부담을 줄여 비즈니스 외국인에게 호평을 받고 있다.
탁 트인 전망을 위한 통유리창에 넉넉한 사이즈의 객실과 욕실, 비즈니스맨을 위한 전용 비즈니스센터와 전 객실의 무선 인터넷 설치, 한식에서부터 양식에 이르기까지 주방장의 요리 솜씨를 맛볼 수 있으며 스카이라운지에서 와인을 비롯한 각종 주류를 접할수 있다. 이 밖에도 강남 최대의 시설을 자랑하는 룸 클럽과 사우나, 또한 로비라운지를 갖추고 있다.",서울특별시 송파구 석촌호수로 216,37.5068646,127.1008999
동화킴스관광호텔,"북악의 숲속에 있는 작은 파라다이스, 동화킴스호텔",852,02-379-0520,"관광호텔, 서울호텔, 숙박, 숙박시설, 숙박업소, 휴식공간, 휴식여행, 휴식하기좋은곳","북악의 전경이 한눈에 들어오는 종로구 평창동에 위치한 킴스호텔은 아담한 산장형으로 한국식 건축미와 현대 감각을 조화시켜 건립한 종합예술적인 풍취가 넘치는 관광호텔이다. 실내장식도 아늑하고 편안하게 꾸며 놓았으며 2,640㎡의 대지 위에 세워진 4층 건물에는 객실 51개와 330.58㎡의 연회장 및 커피숍, 양식당, 한식당이 마련되어 있다.",서울특별시 종로구 평창문화로 136,37.6094489,126.9751173
호텔 리베라,조용한 배려 속에서의 하루밤,851,02-3438-4000,"강남구, 서울숙소, 숙박, 숙박시설, 휴식공간","우수한 국내 자체 브랜드 체인호텔을 추진하여 1987년 12월 12일 문을 연 호텔 리베라 서울은 강남 중심가의 편리한 교통과 한강의 야경이 자랑이며 인터넷 전용선이 설치되어 319개의 객실에서 느낄 수 있는 조용한 배려와 서비스로 비즈니스호텔로서 명성을 얻고 있다. 또한 1992년, 1993년 두 차례 최우수 호텔, 모범 호텔로 선정된 바 있다.
객실마다 구비된 넓은 비즈니스 책상과 편안한 침대는 세계 여러 나라를 여행하는 비즈니스맨을 위한 최적의 장소임을 느끼게 한다. 또 전 객실 모두 인터넷 전용선이 설치되어 언제든 고속 인터넷 서핑이 가능하다. 넉넉한 객실은 금속 구조물 유리창을 통해 한강과 구름이 어우러져 마치 하늘에 떠 있는 듯한 감성적 포근함을 더해준다. 또한 세련된 실내 장식과 조명은 성공적인 비즈니스를 준비하는데 한층 더 안락함을 선사한다. 호텔 내에는 와인과 정통 중식, 일식, 한식, 양식이 조화된 세련된 감각의 오리엔탈레스토랑 와인앤다인과 사우나, 피트니스, 실내 골프 연습장 등의 시설이 있고 신관 객실은 현대적인 이미지로 많은 사랑을 받고 있다.",서울특별시 강남구 영동대로 737,37.5238934,127.0541241
서울 선샤인호텔,가성비 좋은 안락함,849,02-548-8222,"강남구, 서울숙소, 숙박","선샤인호텔은 1984년 5월 10일에 강남의 요지인 신사동에 개관하였다. 개관 이후 지속적으로 발전하고 있으며 2010년 2월 대대적인 리노베이션을 통해 111개의 새로운 객실과 연회장, 레스토랑, 커피숍 및 충분한 주차 공간 등 다양한 부대시설을 갖춘 품위 있는 비즈니스호텔로 다시 태어났다.
강남 중심가에 위치한 선샤인호텔은 한국의 신기업 타운으로 주목받는 테헤란로, 젊음이 숨 쉬는 압구정동 로데오거리, 센트럴시티, 공항 터미널 등이 10분 이내의 거리에 있어 고객들이 이용하기에 편리하다. 또 차량으로 15분 이내에 다양한 쇼핑을 즐길 수 있는 남대문과 동대문에 도착할 수 있고 패션의 거리이며 젊음의 거리인 명동에도 가볼 수 있다. 다양한 볼거리가 있는 국제전시장, 무역센터, 영화관, 먹을거리가 고루 갖춰져 있는 코엑스몰도 가까운 위치에 있다. 또한 코엑스 가까이에 위치한 롯데월드는 서울 최대의 놀이공원으로써 다양한 놀이시설들로 외국 관광객들에도 인기가 높은 곳이다.
시시각각 변화하는 국제화 시대의 비즈니스 환경 속에서 선샤인호텔은 합리적인 가격과 고객 배려를 최우선으로 하는 신념과 열정을 가진 경쟁력 있는 호텔로 신뢰받을 수 있도록 노력을 다하고 있다.",서울특별시 강남구 도산대로 205,37.52054,127.0287465
그린파크모텔,"동묘공원 관광지와 동대문 시장, 청/동/신 평화시장 가장 가까이에 위치하고 있는 모텔",842,02-2234-4552,"서울숙소, 숙박","그린파크모텔은 동묘공원 관광지와 동대문 시장, 청/동/신 평화시장 가장 가까이에 있으며 연인, 가족 및 지방 쇼핑이용자, 출장자를 위한 편의시설을 갖추고 있다. 주변에는 밀리오레, 문구상가, 청계천, 벼룩시장 등 쇼핑단지 및 볼거리가 풍부하며 1, 4호선 동대문역 4번 출구에서 도보 5분 거리에 1,6호선 동묘앞역 3, 4번 출구에서 도보 1분 거리에 있다.
그린파크모텔은 출장자 및 비즈니스맨을 위한 전 객실에 PC를 설치하여 인터넷이 가능하며 42인치 PDP TV를 보유하고 있고 2012년 7월에 리모델링하여 건물 자체가 깨끗하며 각종 시설도 청결하게 갖추어져 있다. 일반실, 특실 등 총 28개의 객실을 보유하고 있으며 카운터에는 프린트, 팩스 서비스 등 간단한 비즈니스 업무와 조리설비가 제공된다.",서울특별시 종로구 종로56길 14,37.572523,127.0164305
이비스 스타일 앰배서더 서울 강남,경제의 중심지인 강남구와 코엑스에 근접한 호텔,841,02-3011-8888,"강남구, 서울숙소, 숙박, 이비스앰배서더","이비스 스타일 앰배서더 서울 강남은 서울 경제의 중심지인 강남구에 위치하며, 합리적인 가격으로 강남 중심지에 머무르길 원하는 비즈니스맨과 레저 여행객에게 강남 지역의 숙박시설을 제공하고 있다. 아늑한 휴식을 위한 공간으로 심플하게 연출한 객실 317개와 고객의 업무가 이루어지도록 도움이 될 비즈니스 미팅룸, 레스토랑, 고객 건강을 위해 마련된 피트니스, 지하 주차시설 등을 갖추고 있다.
고객에게 꼭 필요한 시설과 서비스를 제공하는 경영 전략으로 편안한 휴식공간과 친절한 서비스, 질 좋은 음식과 같은 필수적인 부분에서 고객에게 큰 만족을 주며 다른 한편으로는 벨맨, 도어맨, 주차 대행 등의 전형적인 특급 호텔의 서비스들을 과감히 배제함으로써 합리적인 객실 요금을 제시하고 있다. 이처럼 이비스 스타일 앰배서더 서울 강남은 비즈니스에 적합한 위치에 있는 호텔을 찾는 국내외 비즈니스맨과 저렴한 가격에 양질의 숙소를 원하는 관광객을 동시에 만족시키는 국제적 기준에 맞춘 비즈니스호텔이다.",서울특별시 강남구 삼성로 431,37.5051111,127.0570687
롯데호텔 L7 명동,트렌디한 감각과 안락한 분위기가 어우러진 라이프스타일 호텔,834,02-6310-1000,"L7명동, 롯데호텔L7명동, 명동, 명동호텔, 비즈니스호텔, 서울숙소, 숙박, 친구와함께, 호캉스","L7 명동은 트렌디한 감각과 안락한 분위기가 어우러진 라이프스타일 호텔이다. 고객의 라이프스타일과 지역 문화가 어우러져 새로운 문화를 만들어 내는 도심 속 휴식 공간으로 롯데면세점, 롯데 백화점 등의 쇼핑몰과 경복궁, 남산 등의 관광지가 가까운 거리에 위치하고 있다. 또한, 남산타워가 보이는 마운틴뷰, 명동 시티뷰에 둘러싸여 특별한 여행을 만들 수 있다. 주요 시설로는 최상층 21층에 위치한 루프탑 바와 풋스파, 파티, 모임 등을 위한 3층의 라운지&바, 세련된 감각이 더해진 스위트룸, 슈페리어룸, 스탠다드 룸 등이 있다.",서울특별시 중구 퇴계로 137,37.5613647,126.9869802
뉴국제호텔,,831,02-732-0161,"서울숙소, 숙박, 중구","서울시청의 뒤편에 위치한 뉴국제호텔은 비즈니스와 쇼핑, 관광에 있어 최적의 교통 요지에 위치하고 있다. 서울의 번화가에 위치하여 비즈니스 및 관광에 편리하며 가까운 곳에 역사적 관광명소인 덕수궁, 경복궁, 창경궁, 광화문, 창덕궁 후원, 남산서울타워가 위치하고 있을 뿐 아니라 백화점, 동대문/남대문 시장, 인사동 전통거리, 파고다 공원, 새롭게 변한 청계천 등이 인접해 있어 매우 편리하다.
서울시청까지는 도보로 1분 거리이며 편안한 휴식 공간, 세련된 인테리어는 물론 고객이 안심하고 숙박할 수 있도록 방범, 방재 시스템을 갖추고 있다. 다양하게 인테리어한 객실을 보유하고 있으며 호텔 내에 레스토랑, 연회장 등의 시설을 완비하고 있다. 안락하고 편안한 객실 분위기와 현대적인 스타일의 호텔 외/내관은 고객에게 감동 그 이상의 가치로 다가갈 것이다.",서울특별시 중구 세종대로22길 12,37.5680518,126.9778498
파크 하얏트 서울,서울 강남에 위치한 최고급 럭셔리 호텔,815,02-2016-1234,"서울숙소, 숙박","파크 하얏트 서울은 현대적인 감각의 디자인과 시설 그리고 185개의 제한된 객실 수로 고객에게 최상의 개별적 맞춤 서비스를 제공하는 럭셔리 호텔이다. 코엑스(COEX) 및 국제무역센터 등이 자리 잡은 삼성역 사거리에 위치하고 있으며, 호텔 빌딩 전면이 유리로 되어 있어 객실은 물론 호텔 내 어디에서나 통창을 통해 눈부신 자연 채광 및 화려한 도심 전경을 즐길 수 있다. 현대적인 세련미와 동양적인 단아함이 아름다운 조화를 이루는 파크 하얏트 서울은 높은 천장과 넓은 사이즈의 객실과 객실의 1/3을 차지하는 넓은 욕실, 바닥부터 천장까지 이르는 전면 통창 등이 특징이다. 호텔 최고 층에는 로비 라운지를 비롯해 피트니스와 실내 수영장, 스파 시설이 있다.",서울특별시 강남구 테헤란로 606,37.5085664,127.0641471
파로스 관광호텔 (HOTEL PHAROS),비즈니스와 여행의 중심지인 잠실에 위치하고 있는 고품격 호텔,808,02-417-2700,"관광호텔, 서울숙소, 송파구, 숙박","파로스호텔은 비즈니스와 여행의 중심지인 잠실에 위치하고 있는 고품격 호텔로 방문하시는 고객의 특성과 편의에 맞춘 시설과 서비스, 그리고 자연스럽고 세련된 객실과 부대시설은 고객님에게 편안한 휴식은 물론 또 하나의 추억을 제공할 것이다.",서울특별시 송파구 올림픽로10길 5,37.5110877,127.0811616
호텔 더 디자이너스 종로점,,797,02-2267-7474,"서울숙소, 숙박, 종로구","대한민국 서울의 중심 종로구에 위치한 ‘호텔 더 디자이너스’는 고품격 서비스와 최고급 편의시설을 갖춘 명품 부티크 호텔로, 내 집과 같은 편안함과 여유로움을 만끽할 수 있어 투숙객에게 잊지 못할 추억과 감동을 선사한다.
호텔 더 디자이너스 종로는 총 81개의 객실로 구성이 되어 있으며, 18개의 스위트룸과 54개의 디럭스룸을 보유하고 있다. 객실에 따라 최소 2인(더블)에서 최대 3인(더블+싱글)까지 숙박이 가능하며, 호텔 내 어디에서나 무료로 와이파이를 사용할 수 있다. 전 객실에는 숙박객의 편의를 위해 인터넷 사용이 가능한 노트북이 비치되어 있다.",서울특별시 종로구 수표로 89-8,37.5693604,126.9890248
딜라이트 호텔 (HOTEL DELIGHT),,788,02-414-1263,"서울숙소, 송파구, 숙박","딜라이트 호텔은 잠실역 2호선 10번 출구에서 도보로 7분, 몽촌토성역 8호선 3번 출구에서 도보로 7분 거리에 위치해 있다. 주변 관광지로는 롯데월드와 롯데월드타워, 석촌호수가 차로 5분 이내의 거리에 있다. 올림픽주경기장까지는 차로 약 10분, 삼성역 코엑스(COEX)까지는 차로 약 20분이 소요된다. 또한 방이동 상업지구에 위치해 있어 각종 근린시설 및 레스토랑이 인접해 있다.
호텔 인근지역에서 찾아오실 경우 무료 픽업 및 샌딩 서비스를 이용할 수 있다. 호텔 이용고객에게는 무료 주차타워 이용 서비스와 세탁 서비스가 제공된다.
객실은 총 71개이며, 이코노미 룸, 스탠다드 룸, 디럭스 룸, 프리미엄 룸, 듀플렉스 룸 등으로 다양하게 구성되어 있다. 모든 객실에는 TV와 에어컨, 냉장고, 노트북, 어댑터를 비롯해 가운, 슬리퍼, 전기포트, 샴푸, 린스, 바디워시, 칫솔, 면도기 등 각종 비품이 구비되어 있다. 무료 와이파이와 세탁 서비스도 전 객실에 제공된다. 프런트에서는 추가 침구, 랜선, 와인글라스, 와인오프너, 우산 등을 대여 가능하다.
호텔 로비에 위치한 카페 볼잔(Bolzan)에서는 고급 원두로 로스팅된 커피와 매일 다른 메뉴로 구성되는 조식이 유료로 제공된다. 5세 이하의 어린이는 조식을 무료로 즐길 수 있다.",서울특별시 송파구 오금로11길 21-9,37.5153877,127.1093219
뉴천지호텔,편안함을 만끽하다,784,02-2265-6131,"관광호텔, 뉴천지호텔, 서울숙소, 서울호텔, 수도권, 숙박, 숙박시설, 숙박업소, 휴식공간, 휴식여행, 휴식하기좋은곳","뉴천지관광호텔은 1962년 개관하여 서울 중심의 호텔로서 자리매김하였고 2004년 대대적인 리모델링을 통해 새롭게 태어났다. 심플하게 인테리어된 52개의 객실 하나하나에 가구와 시설을 배치하여 편안함을 만끽할 수 있다. 쇼핑이나 문화생활을 할 수 있는 다양한 지역이 인근에 위치해 있어 지리적으로도 효과적이다. 뉴천지관광호텔은 서울의 중심에 위치한 편리한 교통과 함께 국내외 널리 알려진 동대문 쇼핑타운이 도보로 5분 거리에 위치하고 있으며 명동, 남대문 쇼핑타운 등 서울을 즐길 수 있는 가까운 거리에 자리하고 있다. 서울의 한복판인 종로구와 중구와의 경계를 흐르는 청계천, 세계 제일의 쇼핑 관광지라는 명동, 그리고 남대문 시장과 더불어 우리나라 재래시장의 산 역사인 동대문 시장까지 어디든 쉽게 갈 수 있다.",서울특별시 중구 을지로38길 20,37.5658839,127.0033459
가락관광호텔,서울 송파지역 최고의 요충지에 자리잡은 호텔,782,02-400-6641~3,"관광호텔, 서울숙소, 송파구, 송파구숙소, 숙박","가락 관광호텔은 동양 최대의 가락동농수산물시장과 인접해 있고 주변에 잠실 롯데월드, 올림픽공원, 삼성의료원, 현대아산병원, 가든파이브, 코엑스, 도심 공항 터미널, 잠실경기장 등이 근거리에 위치하여 비즈니스 스포츠 문화 건강의 중심에 있다.",서울특별시 송파구 송파대로28길 5,37.4938849,127.1187211
세종호텔,사계절 아름다운 남산과 화려한 다운타운의 전경을 한눈에 감상할 수 있는 곳,781,02-773-6000,"서울호텔, 숙박, 숙박시설, 숙박업소, 호텔, 휴식공간, 휴식여행, 휴식하기좋은곳, 힐링&여행","세종호텔은 쇼핑과 관광, 비즈니스의 중심지인 명동에 위치해 사계절 아름다운 남산과 화려한 다운타운의 전경을 한눈에 감상할 수 있다. 인천공항으로부터 약 1시간 거리의 세종호텔은 서울의 중심가인 명동에 위치하여 도심의 쇼핑가와 각종 엔터테인먼트를 편리하게 즐길 수 있으며, 남산의 아름다운 전경을 감상할 수 있다.

* 세종호텔만의 특징 *
1. 지하철 4호선 명동역 10번 출구와 연결된 편리한 교통 (동대문 쇼핑센터, 남대문 시장 5분 거리)
2. 호텔과 인접한 거리에 위치한 남산 도보 산책 (정상에서 서울시 전경 조망 가능)
3. 호텔 주변 문화 명소에 편리하게 접근 가능 : 명동예술극장, 난타전용관, 롯데백화점, 신세계백화점, 밀리오레, 청계천, 한옥마을, 경복궁, 덕수궁, 인사동, 북촌 한옥마을 등.",서울특별시 중구 퇴계로 145,37.5614664,126.9879575
호텔 프리마,비즈니스 고객은 물론 가족 동반에도 적합한 공간,774,02-6006-9114,"강남구, 서울숙소, 숙박","호텔 프리마는 1층 로비에 조선 전기 백자전과 한국화 등 우리 문화 예술품이 다양하게 전시되어 있어 전통적인 동양화풍의 맥을 느낄 수 있으며, 3층에 위치한 뷔페 레스토랑은 유럽 황실 도자기 마이센으로 중후함을 느낄 수 있는 공간이다.
또한 호텔 문화와 예술의 접목으로 조성된 뮤지엄은 조선백자 대호를 비롯한 환수 문화재들을 전시하여 우리 문화재를 알리는 데 앞장서고 있다. 새로운 스타일과 감각으로 리노베이션된 객실은 다양한 타입과 서비스로 고객에게 편의를 제공한다. 모던하면서도 앤티크한 로얄 스위트는 80평의 시설로 월풀욕조와 함께 휴식 공간을 선사한다. 또한 다이닝 룸과 침실이 별도의 공간을 이루고 있는 주니어 스위트는 고급스러운 인테리어로 고객에게 안락함을 느끼게 해준다. 현대적인 감각에 고풍스러운 멋이 느껴지는 더블과 디럭스룸은 실용적인 인테리어로 비즈니스 고객은 물론 가족 동반에도 적합한 공간이다.
강남 최고의 명성을 자랑하는 연회/웨딩은 다양한 테마로 고객에게 감동을 주고 있으며, 특히 강남의 명소인 사우나-포세이돈은 최고의 시설과 서비스 정신으로 고객에게 안락함을 제공한다. 그 밖에도 청담동 시내와 한강의 야경을 볼 수 있는 스카이라운지 라이브 바, 개별공간의 ‘Music Room’으로 이루어진 ‘LOVI’, 고풍스러운 맛과 풍류를 즐길 수 있는 한식 레스토랑에 이르기까지 다양한 부대시설을 갖추고 있어 높은 서비스를 경험할 수 있다.",서울특별시 강남구 도산대로 536,37.5242811,127.0522605
티롤관광호텔,,772,02-544-1004,"서울숙소, 서초구, 숙박",티롤관광호텔은 강남 서초구 신사역 4번 출구 먹자골목 끝에 위치하고 있다. 객실 대부분은 더블룸으로 편안하고 안락하게 되어 있어 고객들이 부담없이 찾을수 있도록 했다. 항상 청결한 모습으로 보답할 것을 약속드리며 티롤관광호텔 임직원은 고객을 정성껏 모시며 웃음을 안고 다시 찾을 수 있도록 최선을 다하고 있다.,서울특별시 서초구 나루터로 64,37.5150551,127.0169467
뉴서울호텔,청계천과 서울시청 사이에 위치한 호캉스하기 좋은 호텔,770,02-735-8800,"서울숙소, 숙박","뉴서울호텔은 서울 중심부인 시청 부근에 있어 비즈니스, 쇼핑, 관광, 교통이 편리하여 비즈니스맨과 관광객에게 최상의 호텔로 주목받고 있다.
지리적으로 덕수궁까지 도보로 3분, 청계천까지 2분 거리에 자리하며 인천공항에서는 50분 거리에 있다. 한국의 역사적 문화유산으로 둘러싸인 서울 산업 지구에 자리 잡고 있으므로 사무 업무, 관광, 쇼핑을 한 번에 할 수 있다.
비즈니스에 편하도록 꾸며진 객실들을 보유하고 있으며 호텔 내에는 이탈리안 레스토랑, 바, 뷔페 레스토랑, 죽 전문점, 비즈니스센터, 사우나 등의 부대시설이 완비되어 있다.
첨단 시설과 품격 있는 공간으로 꾸며진 뉴서울호텔의 객실은 비즈니스 고객에게 기대 이상의 만족을 드리는 맞춤형 공간이다. 효율적인 비즈니스 업무에 필요한 시설과 더불어, 현대적이고 감각적인 디자인은 머무는 동안 편안함과 아늑함을 제공한다.",서울특별시 중구 세종대로22길 16,37.5679878,126.9781607
센트럴관광호텔,비지니스와 관광의 중심지로 아늑함과 편안함을 제공하는 호텔,769,02-6365-6500,"관광호텔, 서울숙소, 숙박, 숙박시설, 종로구, 휴식공간","서울 종로구 청계천에 위치한 센트럴 관광호텔은 지하철 1,3,5호선 종로3가역과 지하철 2,3호선 을지로 3가 역에서 도보로 3분 거리에 위치한 중간지점에 있다. 인사동, 점프 공연장, 난타공연장, 명동, 동대문, 남대문, 경복궁, 창덕궁 후원, 덕수궁 등의 인기 지역이 가깝고, 인천공항으로 이동이 편리하다.
호텔 주변에는 fast food, 아시아 요리 등 다양하고 경제적인 가격의 식당이 모여 있어 취향에 맞게 고르실 수 있고 짧은 시간에 쇼핑과 관광을 합리적인 가격으로 모두 즐기고 싶은 고객들에게 적합한 호텔이다.",서울특별시 종로구 청계천로 137,37.5687988,126.9928965
나인트리호텔 명동,문화의 메카인 명동에 위치한 비즈니스호텔,768,02-750-0999,"관광호텔, 서울숙소, 숙박, 중구","나인트리호텔 명동은 국내외 비즈니스 고객과 관광객을 위한 객실과 서비스를 제공하는 비즈니스호텔로, 고객이 기대하지 못한 곳에서 세심한 배려를 느낄 수 있고, 여행의 추억을 남길 수 있는 즐거움을 제공하며, 복잡한 도심 속에서 숨겨진 특별한 경험을 선사한다. 국내외 관광과 패션, 문화의 메카인 명동에 자리 잡아 서울 시내 어느 곳으로든 이동이 용이할 뿐만 아니라, 고객의 다양한 여행 목적을 반영한 6가지 룸타입의 144실 객실과 고객전용 라운지 등을 갖추고 있다.",서울특별시 중구 명동10길 51,37.5615874,126.9860253
호텔마누(HOTEL MANU),서울을 관광하기 좋은 가성비 숙소,762,02-777-0100,"서울숙소, 숙박, 중구","편안한 휴식과 함께 합리적 가격, 최상의 서비스를 제공하는 호텔마누. 2012년 12월 1일에 오픈한 호텔마누는 국내외 비즈니스 고객과 해외 관광객을 위한 관광 1등급 비즈니스호텔이다. 도보 3분 거리에 있는 서울역(지하철 1호선, 4호선, 공항철도, 경의선, KTX)과 회현역(지하철 4호선)으로 인해 인천공항과 김포공항으로부터 공항철도를 이용해 쉽게 접근할 수 있고 관광의 중심인 명동, 남대문시장, 남산서울타워, 동대문, 인사동 등과도 쉽게 접근할 수 있는 교통의 요지에 자리 잡고 있다.
전 객실에 설치된 스마트 LED TV를 통해 인터넷 서핑과 SNS를 넓고 선명한 화면으로 자유롭게 즐길 수 있고 휴대전화와 휴대용 디지털 기기를 충전할 수 있는 USB 잭과 초고속 무선인터넷망 역시 편안한 여행과 출장을 돕는 비즈니스 파트너로서 충분한 서비스를 제공한다. 부대시설로는 레스토랑, 피트니스센터, 마사지샵, 미팅룸 등이 비즈니스 고객과 여행객의 편의를 위해서 언제나 준비되어 있다.",서울특별시 중구 퇴계로 19,37.5571405,126.9748895
메트로호텔,여행 속 쉬어가는 공간,745,02-752-1112,"서울숙소, 숙박, 중구","아늑한 객실과 스타일리쉬한 디자인을 갖춘 메트로호텔은 서울에서도 명동 중심에 위치하여 고객 접근성을 극대화 하였으며, 서울의 유명 관광지들이 호텔로부터 수분 거리에 위치하고 있다. 메트로호텔은 교통부 등록 1호인 대한민국 최초의 관광호텔로써 1960년 개관이래 고객만족을 위하여 노력해오고 있다.",서울특별시 중구 명동9가길 14,37.5651265,126.9837285
프로비스타 호텔,,744,02-597-1140,"서울숙소, 숙박","프로비스타 호텔은 서울 강남의 비즈니스 중심지 테헤란로 연장 선상에 위치하며 지하철 2, 3호선이 만나는 교대역에서 도보 5분, 강남역에서 15분 거리인 교통의 요지에 위치한다. 강남 비즈니스 단지와 서초 법률 단지, 양재 IT 벤처 밸리 중심권에 자리 잡고 있으며 지하철, 버스뿐만 아니라 고속버스터미널, 남부터미널, 경부고속도로와 인접거리에 위치하여 교통 접근이 쉬운한 레지던스이다.

비즈니스호텔과 레지던스의 장점만을 모은 객실에는 60개 채널의 케이블 TV와 초고속 인터넷, 주방용품을 포함한 고급 빌트인 키친 시스템과 냉장고, 최신형 드럼세탁기가 갖추어져 있다. 이 때문에 일반 비즈니스 고객은 물론 장기 투숙 고객에게도 더없는 편리함을 제공한다. 프로비스타 호텔은 월넛톤의 차분한 분위기로 키친 설비와 복층 스타일로 된 넓은 구조로 공간 활용이 좋아서 가족을 동반한 고객에게도 사랑받는 레지던스이다. 다양한 편의시설과 설비로 생활은 물론 업무 수행에 큰 도움을 주는 경제적인 호텔로 거듭나고 있다. 부대시설로는 피트니스센터, 비즈니스센터, 라운지&바 그리고 주차장 등이 완비되어 있다.",서울특별시 서초구 서초대로 338,37.4948153,127.018629
아드리게호텔,강남 최고의 가성비 호텔,737,02-552-9711,"서울숙소, 숙박","한국 최고의 비즈니스호텔임을 자부하는 역삼동에 위치한 아드리게호텔이다. 지하철 2호선 역삼역 1번 출구에서 3분 거리에 위치하고 있어 접근성이 편리하다. 객실 내 쾌적한 환경을 위해 전열교환기를 설치 운영하고 있으며, TV는 3D로서 색다른 입체감과 감동을 느낄 수 있다. 매트리스와 침구류는 최고의 재질로 여행의 피로를 없애주고, 각 객실의 마감재는 인테리어 소재를 활용하였다. 객실에 와이파이를 설치하여, 유·무선 인터넷을 항시 무료로 이용이 가능하다.",서울특별시 강남구 테헤란로28길 3-6,37.5008872,127.0391298
서울프린스호텔,,736,02-752-7111,"서울숙소, 숙박, 중구","프린스 호텔은 명동의 정면에 위치하여 편리한 교통과 함께 쇼핑(명동, 남대문시장, 동대문시장 근접)과 같은 종합 상권이 형성되어 있어 비즈니스 고객과 쇼핑 관광객이 쉽게 찾을 수 있는 도심형 호텔로서 좋은 조건을 갖추고 있다.
호텔 앞으로 자리한 남산의 울창한 녹음은 호텔 분위기를 신선감 넘치게 조성하고 있으며 산책과 조깅의 즐거움도 함께 할 수 있다. 깔끔한 객실 100실을 보유하고 있으며 호텔 내에 레스토랑, 비즈니스룸 등의 시설을 갖추고 있다.
그동안 리모델링으로 한층 더 격조 높고 품위 있는 호텔로 다시 태어난 프린스 호텔은 영어와 일본어의 편리한 언어 서비스와 비즈니스 고객을 위한 프로젝터, 전동식 스크린을 갖춘 컨퍼런스룸, 성공적인 업무지원을 위하여 최신 컴퓨터와 프린터 및 인터넷을 무료로 제공하고 있다.
1층 로비에는 고객 여러분을 편하게 모시기 위해 안락한 소파와 인테리어로 장식한 고객 전용 레스트룸을 별도로 24시간 운영하고 있다. 또한 관광객을 위해 서울역 및 공항버스 정류장(세종호텔 앞)까지의 송영서비스를 무료로 제공하고 있다. 이뿐만 아니라 장애우 고객을 위한 장애우 전용객실과 여러 명의 한 가족을 위한 한실(온돌), 비즈니스맨을 위한 내실 있는 객실, 그리고 현대적인 감각의 객실 인테리어는 다양한 목적으로 서울의 명동을 찾으시는 분들께 편안함을 드리기에 충분하다.",서울특별시 중구 퇴계로 130,37.5606725,126.9862764
제리스플래닛,편안한 휴식과 다양한 편의시설을 제공하는 명품 숙소,735,02-555-4204,"강남구, 강남숙박, 강남숙소, 관광호텔, 서울숙소, 숙박, 연인과함께, 휴식공간, 휴식여행, 휴식하기, 휴식하기좋은곳","Jerry''s Planet은 만화캐릭터 제리의 행성이란 뜻이다. 제리가 제리 행성을 벗어나 지구로 오면서 다양한 내륙을 여행하며 라이프스타일을 경험하는 컨셉으로 즐거움과 편안함을 느낄 수 있는 특별한 공간이다. Jerry`s Planet 호텔은 바쁜 생활과 지친일상에 어딘가로 떠나고 싶은 고객에게 잠깐의 휴식을 제공하고자 한다. 전 객실의 태블릿 PC설치로 각종 전자제품과 연동되며 객실에서 다양한 서비스 요청을 할 수 있게 하여 고객의 휴식과 편안함을 누릴 수 있도록 최선을 다하였다. 아시아, 유럽, 아메리카 ,아프리카로 이루어진 다양한 컨셉의 객실과 루프탑 카페, 클럽까지 다양한 편의공간을 제공한다.",서울특별시 강남구 강남대로92길 13,37.4990416,127.0285148
호스텔 하루,,735,02-732-1101,"서울숙소, 숙박","서울의 중심, 종로에 위치한 호스텔 하루는 서울의 곳곳으로 이동이 용이할 뿐 아니라, 명동, 인사동, 창덕궁과 경복궁, 창경궁, 삼청동까지 도보로 이동할 수 있는 서울 관광을 위한 최적의 장소에 위치하고 있다. 덕분에 특별한 계획 없이도 산책하듯 서울 관광을 즐길 수 있다. 번화가에 위치하고 있어 관광이 끝나면 멀리 나가지 않아도 음식점과 까페를 금방 접할 수 있어 민생고 해결에는 더할 나위 없다. 뿐만 아니라 앞으로는 청계천이 흘러 아침 저녁으로 산책을 할 수 있고, 번화가이나 유흥가가 아니기에 밤 늦게 귀가해도 호스텔 까지 오는 길은 안전하다.

객실은 심플하고 모던한 도시적인 디자인으로 호텔과 같이 고급스러우며, 일반 객실은 큰 창문 덕에 환기와 채광이 용이한 방이 대부분, 도미토리는 각 객실마다 분리된 화장실, 샤워실, 파우더룸을 갖추고 있어 바쁜 시간에도 늦지 않게 준비할 수 있는 이점이 있다. 도미토리 룸은 침대마다 개별 TV, 콘센트, 선반과 스탠드가 있어 커튼을 치면 작은 방처럼 이용할 수 있다. 매일 룸 클리닝을 실시하여 항상 청결한 시설을 유지하고 있으며 한국어, 중국어, 일본어, 영어가 가능한 스탭들이 상시 거주하고 있어 의사소통에도 문제가 없다.",서울특별시 종로구 청계천로 61,37.5689781,126.984321
힐탑 관광호텔,강남구 논현동 중심가에 위치한 호텔,733,02-540-3458,"서울숙소, 숙박","힐탑 관광호텔은 강남구 논현동 중심가에 위치한 호텔로서 57객실과 터키탕, 연회장, 레스토랑, 커피숍 등 다양한 시설을 갖추고 있다. 또한 삼성동 무역 센터, 압구정 로데오거리 등에 쉽게 접근할 수 있어 관광 및 쇼핑에 적절한 곳이다.",서울특별시 강남구 논현로 647,37.5115294,127.0314225
렉스호텔,남산 아래 남대문시장 부근 깔끔한 관광호텔,732,02-752-3191,"관광호텔, 서울숙소, 숙박, 중구","렉스호텔은 비즈니스를 위한 서비스가 준비되어 있다. 110실 규모의 비즈니스호텔로 쇼핑과 비즈니스가 용이한 입지조건을 갖추고 있다. 서울 시내가 한눈에 내려다보이는 렉스호텔은 다양한 타입의 객실을 갖추고 있으며, 각 부대시설과 레스토랑에서는 질 높은 음식과 고객서비스로 최선을 다하고 있다. 객실은 언제 들어서더라도 안락함을 느낄 수 있도록 준비되어 있으며 현대적인 감각에 발맞춰 심플하게 꾸며져 있다. 넉넉한 여유를 느낄 수 있는 객실에는 다양한 설비를 갖추고 있으며, 고객을 한 번 더 생각하는 서비스를 통해 편안하게 머무를 수 있도록 모든 편의를 제공하고 있다. 또한, 대한민국 최대의 재래시장인 남대문시장을 비롯하여 롯데 백화점과 신세계 백화점이 인접한 입지조건으로 즐겁고 편한 쇼핑 환경을 제공하며, 종로 및 동대문 쇼핑몰이 인접하여 신세대 젊은이들의 문화를 직접 체험할 수 있다.",서울특별시 중구 퇴계로10길 23,37.5586762,126.9809794
호텔국도,전통과 현대의 멋을 즐길 수 있는 호텔,728,02-6466-1234,"관광호텔, 비즈니스호텔, 서울, 서울호텔, 숙박, 을지로, 호텔","베스트웨스턴 프리미어 호텔국도는 서울 동대문과 명동 사이에 위치하여 동대문, 명동, 청계천, 남산 등에서의 관광 및 비즈니스를 대중교통을 이용하여 즐길 수 있는 최적의 조건을 가지고 있다. 또한 서울의 전통과 현대의 멋을 모두 즐길 수 있는 장소로 성공적인 비즈니스와 휴식을 위한 호텔이다.
2007년 설립 이래 도심 속에서 편리한 관광과 세련된 서비스를 제공하며 고객여러분의 동반자로 발전해 왔다. 첨단시설과 편리한 교통을 제공하며 중/소규모 행사, 세미나, 컨퍼런스, 설명회, 돌잔치, 약혼식까지 여러 행사를 진행할 수 있는 연회장과 295개의 세련된 객실 및 부대시설을 이용할 수 있다.",서울특별시 중구 을지로 164,37.5661756,126.9962949
베니키아 노블 호텔,서울 시내의 유명 관광지나 쇼핑센터가 모두 도보로 이동이 가능한 곳에 위치하여 편리한 호텔,722,02-742-4025,"서울, 서울숙소, 숙박","베니키아 노블 호텔이 위치한 종로는 수도 서울의 중심축을 형성하는 지역으로 한국의 과거, 현재, 미래를 체험할 수 있는 다양한 관광자원이 적절히 융합된 한국관광의 중심지이다.
서울 시내의 유명 관광지나 쇼핑센터가 모두 도보로 이동이 가능한 곳에 위치하여 편리하다.
베니키아 노블 호텔의 카페에서는 그릴샌드위치를 비롯한 간단한 식사대용의 베이커리류와 에스프레소, 다양한 음료를 먹을 수 있다.
노블호텔만의 고유 서비스철학과 차별화된 시설 및 상품을 제공받을 수 있다.",서울특별시 종로구 율곡로6길 13-3 노블호텔,37.5766839,126.9896583
라마다호텔 동대문,"전통과 현대가 공존하는 문화와 패션의 중심지, 동대문에 위치한 비즈니스호텔",720,02-2276-3500,"서울숙소, 숙박, 중구","라마다 바이 윈덤 서울 동대문은 서울 교통 중심지인 ‘동대문 역사 문화 공원역’에 위치한 새로운 개념의 비즈니스호텔이다. 여유로운 크기에 모던하면서도 따뜻한 감성으로 디자인된 197개의 객실은 편안함과 안락함을 선사해 준다. 또한 품격 있는 연회장과 회의실은 비즈니스를 성공으로 이끌 것이다. 서울의 명소 동대문 쇼핑센터, 명동, 남대문, N서울타워 등과 근접하여 관광에 최적화된 장소이다.",서울특별시 중구 동호로 354,37.5659754,127.0026126
호텔아띠,동국대 서울캠퍼스에서 충무로역 방향에 위치한 모텔,716,02-2279-0131,"서울숙소, 숙박, 중구","호텔아띠는 친근한 친구와 같은 서비스를 위해 고객들과의 ''소통''을 최우선으로 각종 서비스를 개발, 제공하고 있다. 기존 호텔의 보편적인 서비스와 더불어 호텔아띠만의 섬세한 서비스로 사소한 불편까지 덜어준다. 편안한 객실과 카페 타입의 휴게형 공간인 쿠치나는 편안한 휴식과 낭만을 선사한다. 또한, 관광, 맛집, 쇼핑등 여행에 가장 용이한 서울의 중심지, 충무로에 위치해 있다. 특히 서울 여행일정에 빠지지 않는 관광지인 남산타워를 비롯한 남산골 한옥마을, 명동은 도보로 이동이 가능할 만큼 인접해 있다.",서울특별시 중구 서애로 24,37.5606416,126.9971821
잠실 상주호텔,,714,02-415-0550,"서울숙소, 숙박, 잠실숙박, 잠실호텔","상주호텔은 잠실 신천에 위치해 있어 잠실종합운동장, 석촌호수, 롯데월드, 코엑스에 5분이면 갈 수 있는 교통이 편리한 곳이다. 상주호텔은 투숙객 및 관광객의 즐거운 휴식과 여행을 위해 전 임직원이 호텔 서비스에 최선을 다한다.",서울특별시 송파구 올림픽로8길 19,37.510066,127.0805852
카라모텔,,706,02-741-4455,"서울숙소, 숙박, 종로구","종로3가 전철역에 인접한 카라모텔은 대중교통 이용이 편리할 뿐 아니라 인사동, 창경궁, 종묘 등의 서울의 주요 관광지와도 매우 가까운 최적의 장소에 자리잡고 있다. 낙원상가 바로옆에 위치하고 있어 여러가지 악기를 쇼핑하는 것은 새로운 경험이 될 것이며 낙원 떡 골목의 떡을 맛보는 것도 재미중의 하나일 것이다.
또한 저렴한 가격은 친구 및 가족과의 여행에 즐거움을 더해준다.",서울특별시 종로구 수표로26길 3,37.5722266,126.9891997
호스텔 토미(구 옐로우브릭2 호스텔),,697,02-744-6844,"서울숙소, 숙박","호스텔 토미는 서울의 중심, 종로에 위치하고 있어 창덕궁, 삼청동, 인사동, 청계천, 명동, 동대문 쇼핑센터 등 주요 관광지와의 접근성이 뛰어나며 도보로 이동 가능하다. 또한, 종로3가역과 도보 5분 거리, 공항버스정류장과 도보 3분 거리에 있어 대중교통을 이용하는 여행객들에게 편리하다. 국제전화 무료 서비스와 전층 무료 무선인터넷, WIFI를 제공하고 있으며 영어, 중국어, 불어, 일본어 등이 가능한 직원들로 구성되어 있어 외국인 여행객들이 보다 편안하게 호텔을 이용할 수 있다. 모든 객실에는 욕실, 냉장고, TV, 수건, 샴푸&바디클렌져, 헤어드라이기 등이 구비되어 있고 매일 아침 토스트, 계란, 우유, 커피, 주스, 잼 등 간단한 아침식사를 제공한다.",서울특별시 종로구 돈화문로 66,37.5744241,126.9912046
퍼시픽 호텔,명동의 쇼핑과 다양한 먹거리를 가까이에서,690,02-777-7811,"서울숙소, 숙박","퍼시픽 호텔은 쇼핑과 비즈니스가 편리한 남산 아래에 자리한 호텔로 서울 중심부의 명소인 수려한 남산을 등지고 사계절의 풍치와 정취를 느낄 수 있다. 편리한 지하철 교통과 다채로운 쇼핑문화의 남대문 및 동대문 시장, 주요 백화점들이 10분 내외로 이용할 수 있는 위치에 자리하고 있으며, 비즈니스 고객의 건강증진을 위한 남산의 산책로와 조깅코스는 퍼시픽 호텔만의 안식처로서 고객만족 서비스를 더해주고 있다.

퍼시픽 호텔은 개관 30주년을 맞아 전관을 현대식으로 리노베이션하여 제2의 창업정신으로 새롭게 변모하는 특급 호텔로서 이미지 혁신을 도모하고, 고객에게 보다 질 좋은 서비스를 제공하는 데 경영목표로 하고 있다. 남산 기슭의 맑은 공기와 도심의 화려한 쇼핑문화의 일번가인 명동과 인접해 있는 퍼시픽 호텔은 내 집 같은 편안함과 쾌적한 현대식 인테리어의 새로운 모습으로 언제나 고객만을 위한 정성 어린 서비스가 고객 비즈니스의 파트너임을 자부한다.

현대적인 감각으로 꾸며진 안락하고 편안한 139개의 객실은 언제나 깔끔한 모습으로 고객을 맞을 준비가 되어 있으며 부대시설로는 사우나, 레스토랑 등의 시설을 완비하고 있다.",서울특별시 중구 퇴계로20길 2,37.5597255,126.9854418
쿠즈모텔,,690,0507-1482-5781,"서울숙소, 숙박, 종로구","종로구에 위치한 쿠즈모텔은 쾌적하고 청결한 객실을 제공한다. 더블룸, 트윈룸, 특실 등 다양한 타입의 객실이 있다.",서울특별시 종로구 돈화문로11가길 83,37.5763554,126.9899801
트리아 관광호텔,도심속의 엔터테인먼트 문화 휴식공간같은 호텔,684,02-553-2471,"강남구, 관광호텔, 서울숙소, 숙박","서울의 비즈니스 및 교통의 대표 중심지인 역삼동 테헤란로에 위치한 트리아호텔은 편안함, 즐거움을 드리는 최고의 호텔로서 ‘High-end Lifestyle’을 지향하는 일반 고객과 실용적이면서 고품격을 원하는 비즈니스 고객에게 새로운 트렌드를 제시하는 호텔이자 도심 속 자신만의 편안한 휴식처로서 호평받고 있다.
색다른 조명과 벽체, 벽에 걸린 팝 아트적인 회화 작품, 다양한 디지털시스템 등 트리아 호텔은 작은 규모이지만 개성 있는 호텔로서 기존의 획일적이고 아날로그적인 일반 호텔과 달리 감각적이고 디지털적인 디자인에서 오는 볼거리와 즐길 거리가 함께 공존하는 도심 속의 엔터테인먼트 문화공간이다.
현재 유럽 등 선진국에서 새로운 트렌드로 각광받고 있는 부티크 호텔을 콘셉트로 기존의 고정관념에서 벗어난 독특한 디자인과 인테리어를 통해 사진이나 머릿속에서 그려왔던 감각적인 공간을 만날 수 있는 기회를 제공함으로써 그 어디에서도 볼 수 없었던 트리아호텔만의 독특한 부티크를 느낄 수 있으며 보다 세심한 서비스로 편안하고 즐거운 휴식을 제공 할 것이다.",서울특별시 강남구 테헤란로33길 16,37.5028471,127.0394084
자이언트 호텔,,683,02-546-0225,"서울호텔, 숙박, 숙박시설, 숙박업소, 휴식공간, 휴식여행, 휴식하기좋은곳",지하철 2호선 삼성역이나 선릉역에서 도보로 20분 거리에 위치한 자이언트 호텔은 주변의 쇼핑 지역은 물론 관광지역까지 어디든 쉽게 접근할 수 있으며 저렴한 객실 요금과 가족적인 분위기를 자랑하고 있다.,서울특별시 강남구 봉은사로 459,37.5124356,127.0496992
베스트웨스턴 프리미어 강남호텔,,682,02-6474-2000,"서울호텔, 숙박, 숙박시설, 숙박업소, 호텔, 휴식공간, 휴식여행, 휴식하기좋은곳","베스트웨스턴프리미어강남 호텔은 미국 아리조나주 피닉스에 본사를 두고 있으며, 전 세계 80여 개국에 4천여 개가 넘는 다양한 호텔을 경쟁력 있는 가격으로 제공하고 있는 56년 역사의 호텔이다. 이곳은 최첨단 비즈니스호텔로 모던하고 세련된 이미지를 기본 바탕으로 더욱 편안한 분위기를 느낄 수 있도록 설계되었다. 베스트웨스턴의 명성과 서비스 정신 그대로 특급 호텔로서 깨끗하고 아늑한 객실은 기본적인 더블, 트윈유형 이외에도 고품격의 로얄 스위트로 구성되어 있다. 베스트웨스턴프리미어강남 호텔은 종합전시장, 무역 센터, 올림픽스타디움, 젊음의 거리 강남역, 쇼핑타운 이태원과 고급 백화점들이 인접해 있는 강남의 중심부에 위치하여 고객의 비즈니스를 성공적으로 이끌 수 있도록 도와준다. 또한 비즈니스 고객을 위해 최상의 비즈니스 환경을 갖춘 비즈니스센터가 지하 1층에 마련되어 있다. 특히 외국어에 능통하고 세련된 매너를 갖춘 전문 직원들이 고객의 중요한 업무를 차질 없이 지원해 드리기 위해 대기하고 있다. 이처럼 모든 편리함이 갖추어진 최신 설비와 고객의 취향을 만족시켜주는 서비스를 통해 편안하고 안락하게 지내실 수 있도록 모든 편의를 제공하고 있다.",서울특별시 강남구 봉은사로 139,37.5063633,127.0297944
라자호텔,,677,02-425-6700,"서울숙소, 숙박","서울 송파구 방이2동에 위치한 라자호텔 주변에는 한미사진미술관, 어린이교통공원, 석촌호수, 롯데면세점, 서울올림픽기념관, 샤롯데시어터 등이 있다.",서울특별시 송파구 오금로11길 11-21,37.5154104,127.1082461
호텔스타,꿀같은 휴식을 취하다,663,02-561-9442,"서울숙소, 숙박",강남구 역삼동에 위치한 호텔스타는 강남역과 한블럭 거리에 있다. 김포공항과 인천국제공항 리무진 정류장이 호텔 바로 앞에 있어 외국인 관광객들에게 인기가 많으며 역삼역 바로 옆에 위치하고 있어 내국인 여행객들에게도 인기가 높다. 테헤란로를 지나 강남역까지의 다양한 먹거리와 볼거리는 도심을 찾은 여행객들에게 색다른 즐거움을 줄 것이다.,서울특별시 강남구 논현로87길 17,37.499545,127.0354255
MW호텔,최고의 즐거움과 편안함을 누릴 수 있는 가장 이상적인 곳,656,0507-1391-4535,"MW, 서울숙소, 숙박, 엠더블류","서울 신천에 위치한 MW호텔은 최고의 즐거움과 편안함을 누릴 수 있는 가장 이상적인 곳이다. 도시의 중심에서 200m 거리에 있는 MW호텔은 여행객들이 쉽고 빠르게 많은 명소들을 만나볼 수 있는 장점이 있다. 서울 지하철 2호선 신천역과 롯데월드는 차량으로 10분, 강남역과 코엑스도 15분 거리에 있으며 아산병원과 삼성의료원도 10분 거리에 있어 쇼핑이나 의료기관을 이용하기 편리하다. 각 층별 테마형 객실로 새로움을 담고자 했고 여행객의 편의를 위해 무선인터넷 등의 세심한 부분 하나까지 고려했다.",서울특별시 송파구 올림픽로12길 5-9,37.5112486,127.0834285
트레블로지 명동 시티홀,"다양한 교통편과 인기 관광지, 다양한 쇼핑몰과 가까운 곳에 위치한 호텔",629,02-6362-6000,"서울, 숙박, 중구, 호텔","트레블로지 명동 시티홀이란 이름으로 새로 단장한 이 호텔은 머무는 동안 친절하고 효율적인 서비스와 고객님의 모든 필요를 충족시키는 다양한 시설로 편리함과 편안함을 제공한다. 다양한 교통편과 인기 관광지와 가까운 곳에 위치하고 있어 비즈니스 여행객과 레저 여행객 모두에게 완벽한 숙박 시설이다. 트레블로지 명동 시티홀 호텔은 시청역에서 도보로 3분 거리에 있어 모든 투숙객에게 쉽게 접근할 수 있다. 덕수궁과 남대문시장 등 관광지는 호텔에서 10분 거리 내에 있어 서울 답사가 매우 편리하다. 이 호텔은 뜨거운 욕조에 몸을 담그는 원기회복, 그리고 긴장을 풀고 스트레스를 푸는 만족스러운 사우나 세션 등의 편안한 스파 서비스를 제공한다.",서울특별시 중구 세종대로16길 22,37.5632118,126.9781094
트레블로지 동대문 호텔,전통과 현대가 어우러진 지역의 최적의 숙박시설,623,02-2160-8888,"동대문, 서울, 숙박, 숙박쿠폰","트레블로지 동대문은 서울 도심 속 최고의 관광 지역에 위치해 있으며 합리적인 가격으로 비즈니스 고객과 레저 여행객 모두에게 사랑받는 최적의 합리적인 숙박시설을 제공한다. 서울 최고의 패션 중심지인 동대문은 전통과 현대가 어우러진 지역으로 도보로 10~15분 거리에 위치한 동대문디자인 플라자(DDP), 청계천, 한국의료원, 흥인지문, 동대문 쇼핑몰 등과 명동, 인사동 및 고궁까지 대중교통을 이용하여 쉽게 찾아갈 수 있다.",서울특별시 중구 동호로 359,37.5664125,127.0018852
서울앤호텔 동대문,,602,02-6365-0008,"관광호텔, 서울숙박, 숙박, 호텔","‘SAFE STAY away from HOME’
서울앤호텔은 합리적인 가격에 합리적인 서비스를 제공하는 장단기 숙박에 최적화된 안전하고 깨끗한 시설로, 새로운 호텔 속박문화를 창출하는 공유가치를 실천하고 있다.
대한민국 프리미엄 호스텔. 종로 안심숙소 동대문 안심숙소. 관광, 패션의 중심지에 위치한 서울앤호텔 동대문은 서비스의 선택적 이용으로 경제적 소비를 지향하는 개별여행객에게 특화된 이코노미 호텔이다.",서울특별시 종로구 종로66가길 21,37.5733284,127.0208321
호스텔코리아 11th 창덕궁점,,566,070-4705-1900,숙박,"'SAFE STAY away from HOME''
호스텔코리아는 국내 호스텔 선두기업으로 합리적인 가격에 합리적인 서비스를 제공한다. 장단기 숙박에 최적화된 안전하고 깨끗한 시설로, 새로운 호텔 속박문화를 창출하는 공유가치를 실천하고 있다.
호스텔코리아 창덕궁점은 서비스의 선택적 이용으로 경제적 소비를 지향하는 개별여행객에게 특화되어 세계여행객에게 사랑받는 호스텔이다.
또한 풍성한 한국의 문화를 전달하고 나누기 위해 창덕궁 앞에 자리하고 있다. 한국의 3대 궁인 창덕궁과 경복궁, 창경궁, 종묘 부근과 광화문과 인사동을 모두 걸어서 접근할 수 있는 최적의 위치에 있다. 아침부터 밤까지 어디를 어떻게 여행할지 고민할 필요 없이, 가방 하나만 가볍게 짊어지고 명동, 남산, 동대문 쇼핑 단지, 대학로 등 원하는 곳을 5분~10분 내로 이동하여 쉽게 관광할 수 있다.",서울특별시 종로구 돈화문로 85,37.5761333,126.9903129
호텔토마스명동,주요 관광 명소와 쇼핑 시설을 도보로 이용할 수 있는 호텔,538,02-777-9500,"가성비호텔, 명동호텔, 명동호텔토마스, 북창동호텔, 숙박, 토마스명동, 호텔토마스, 호텔토마스명동","서울 중구 북창동에 2018년 오픈한 3성급 호텔로 지하 2층 지상 12층의 123개 객실을 보유하고 있다.
서울 시내 중심에 자리하고 있어 주변에 덕수궁, 경복궁 등 관광 명소와 명동, 남대문시장, 백화점 등 쇼핑 시설들을 도보로 이용할 수 있고, 도보 약 3분 거리에는 지하철 1, 2호선 시청역이 있어서 대중교통을 이용해 주변 관광을 하기에 편리하다. 소그룹 세미나 및 미팅 룸, 연회장을 갖추고 있으며, 1층에 카페 ''토마스가든''이 있다. 호텔 주차장이 없어 인근 유료주자창을 이용해야 한다.",서울특별시 중구 세종대로16길 26,37.5631469,126.9783627
포포인츠 바이 쉐라톤 조선 서울 명동,"성공적인 비즈니스의 상징인 명동과 젊음의 열정이 숨쉬는 을지로, 두 장소의 색을 모두 담은 포포인츠 바이 쉐라톤 조선, 서울 명동",390,02-6466-6000,"명동, 서울호텔, 숙박","포포인츠 바이 쉐라톤 조선, 서울 명동은 메리어트 체인의 셀렉트 브랜드로 서울 도심 속 독특한 정취의 장소 을지로에 위치한 호텔이다.
성공적인 비즈니스의 상징인 명동과 젊음의 열정이 숨쉬는 을지로, 두 장소의 색을 모두 담은 포포인츠 바이 쉐라톤 조선, 서울 명동은 비즈니스와 레져, 원하는 어떠한 여행스타일 모두 구현 가능하게 하는 최적의 장소이다.
올데이 다이닝 레스토랑 에볼루션(Evolution), 라운지&바, 피트니스 클럽, 미팅룸과 비즈니스 센터 등 1층부터 26층까지의 다양한 공간에서, 원하는 모든 여행스타일을 동시에 경험할 수 있다.",서울특별시 중구 삼일대로10길 36 포포인츠바이쉐라톤서울명동,37.5655997,126.98952
Goldlady's House,,387,02)484-5009,숙박,"#본 업소는 외국인관광 도시민박업으로 외국인만 이용이 가능하며 내국인은 이용할 수 없습니다.

2호선 잠실새내역 6번 출구 앞에 있는 잠실엘스 아파트 정문을 통과하여 50m 전방에 있는 소나무 앞에 서면 오른쪽으로 128동 아파트가 선명하게 보인다. 찾기 쉽고 교통이 편리한 최고 주거환경의 고급 아파트이다.",서울특별시 송파구 올림픽로 99,37.512376,127.100639
